Experiment	GeneId	Symbol	Control_transcript	Case_transcript	CDS_control	CDS_case	CDS_change	5_UTR_change	3_UTR_change	Samples
ALL	ENSG00000196730.12	DAPK1	ENST00000470267.1	ENST00000494010.1	0	0	0	1	0	SRR4376041,SRR4419553
ALL	ENSG00000196730.12	DAPK1	ENST00000495281.1	ENST00000466188.1	0	0	0	1	0	SRR4419568
ALL	ENSG00000196730.12	DAPK1	ENST00000469067.5	ENST00000496522.5	0	0	0	1	0	SRR4419569
ALL	ENSG00000115415.18	STAT1	ENST00000452281.5	ENST00000464072.1	0	0	0	1	0	SRR4419553
ALL	ENSG00000115415.18	STAT1	ENST00000452281.5	ENST00000392323.6	0	1	1	1	1	SRR4419569
ALL	ENSG00000115415.18	STAT1	ENST00000392322.7	ENST00000464072.1	1	0	1	1	1	SRR4419571
ALL	ENSG00000184584.12	TMEM173	ENST00000514348.1	ENST00000514119.5	0	0	0	1	0	SRR4419553,SRR4419569
ALL	ENSG00000184584.12	TMEM173	ENST00000514348.1	ENST00000503287.5	0	0	0	1	0	SRR4419568
ALL	ENSG00000104447.12	TRPS1	ENST00000519674.1	ENST00000395715.7	1	1	1	1	1	SRR4376041,SRR4419569,SRR4419571
ALL	ENSG00000172164.13	SNTB1	ENST00000517992.1	ENST00000519298.1	1	0	1	1	1	SRR4419553,SRR4419567,SRR4419569
ALL	ENSG00000104894.11	CD37	ENST00000535669.6	ENST00000600121.1	1	0	1	1	1	SRR4376041
ALL	ENSG00000104894.11	CD37	ENST00000598095.5	ENST00000391859.6	1	0	1	1	1	SRR4419553
ALL	ENSG00000104894.11	CD37	ENST00000535669.6	ENST00000426897.6	1	1	1	1	1	SRR4419569
ALL	ENSG00000117115.12	PADI2	ENST00000466151.1	ENST00000375486.8	0	1	1	1	1	SRR4376041
ALL	ENSG00000117115.12	PADI2	ENST00000466151.1	ENST00000375481.1	0	1	1	1	1	SRR4419554
ALL	ENSG00000004455.16	AK2	ENST00000626911.1	ENST00000466029.1	1	0	1	1	1	SRR4419553
ALL	ENSG00000004455.16	AK2	ENST00000626911.1	ENST00000491241.1	1	0	1	1	1	SRR4419567
ALL	ENSG00000121310.16	ECHDC2	ENST00000371522.8	ENST00000487040.1	1	0	1	1	1	SRR4419568
ALL	ENSG00000121310.16	ECHDC2	ENST00000479183.6	ENST00000487040.1	0	0	0	1	0	SRR4419571
ALL	ENSG00000266338.6	NBPF15	ENST00000478419.5	ENST00000578953.1	0	0	0	1	0	SRR4376041,SRR4419568
ALL	ENSG00000270276.2	HIST2H4B	ENST00000612061.1	ENST00000621520.1	0	0	0	1	0	SRR4419554,SRR4419567
ALL	ENSG00000197956.9	S100A6	ENST00000368719.8	ENST00000462951.2	1	0	1	1	1	SRR4419569
ALL	ENSG00000197956.9	S100A6	ENST00000368719.8	ENST00000496817.5	1	1	0	1	0	SRR4419571
ALL	ENSG00000143222.11	UFC1	ENST00000368003.5	ENST00000483191.5	1	0	1	1	1	SRR4419553,SRR4419567
ALL	ENSG00000143851.15	PTPN7	ENST00000480836.5	ENST00000496197.5	0	0	0	1	0	SRR4419568
ALL	ENSG00000143851.15	PTPN7	ENST00000309017.7	ENST00000462815.5	1	0	1	1	1	SRR4419569
ALL	ENSG00000162892.15	IL24	ENST00000294984.6	ENST00000491169.1	1	0	1	1	1	SRR4419553
ALL	ENSG00000162892.15	IL24	ENST00000367093.3	ENST00000367095.7	1	0	1	1	1	SRR4419568
ALL	ENSG00000198570.5	RD3	ENST00000484910.1	ENST00000367002.4	0	1	1	1	1	SRR4419554,SRR4419571
ALL	ENSG00000222041.10	CYTOR	ENST00000409139.5	ENST00000437561.1	0	0	0	1	0	SRR4376041
ALL	ENSG00000222041.10	CYTOR	ENST00000437561.1	ENST00000409139.5	0	0	0	1	0	SRR4419571
ALL	ENSG00000075884.13	ARHGAP15	ENST00000295095.10	ENST00000552289.1	1	0	1	1	1	SRR4419553
ALL	ENSG00000075884.13	ARHGAP15	ENST00000295095.10	ENST00000549436.5	1	0	1	1	1	SRR4419567
ALL	ENSG00000091181.19	IL5RA	ENST00000256452.7	ENST00000383846.5	1	1	1	1	1	SRR4419567
ALL	ENSG00000091181.19	IL5RA	ENST00000383846.5	ENST00000311981.12	1	1	0	1	1	SRR4419571
ALL	ENSG00000170293.8	CMTM8	ENST00000458535.6	ENST00000307526.3	1	1	1	0	1	SRR4419553,SRR4419569
ALL	ENSG00000151276.23	MAGI1	ENST00000480729.1	ENST00000464060.5	0	0	0	1	0	SRR4419568
ALL	ENSG00000151276.23	MAGI1	ENST00000402939.6	ENST00000470990.5	1	0	1	1	1	SRR4419571
ALL	ENSG00000017260.19	ATP2C1	ENST00000508532.5	ENST00000513801.5	1	1	1	1	1	SRR4376041
ALL	ENSG00000017260.19	ATP2C1	ENST00000533801.6	ENST00000328560.12	1	1	0	1	1	SRR4419569
ALL	ENSG00000072274.12	TFRC	ENST00000482479.1	ENST00000483983.5	0	0	0	1	0	SRR4376041
ALL	ENSG00000072274.12	TFRC	ENST00000482479.1	ENST00000475593.5	0	0	0	1	0	SRR4419553
ALL	ENSG00000145428.14	RNF175	ENST00000513656.5	ENST00000347063.8	0	1	1	1	1	SRR4376041
ALL	ENSG00000145428.14	RNF175	ENST00000513656.5	ENST00000506358.1	0	0	0	1	0	SRR4419571
ALL	ENSG00000164307.12	ERAP1	ENST00000443439.6	ENST00000507859.1	1	0	1	1	1	SRR4419567,SRR4419569
ALL	ENSG00000112419.14	PHACTR2	ENST00000536245.1	ENST00000420771.2	0	0	0	1	0	SRR4419554
ALL	ENSG00000112419.14	PHACTR2	ENST00000536245.1	ENST00000427704.6	0	1	1	1	1	SRR4419571
ALL	ENSG00000106012.17	IQCE	ENST00000470731.5	ENST00000497572.1	0	0	0	1	0	SRR4419554,SRR4419571
ALL	ENSG00000122779.17	TRIM24	ENST00000415680.6	ENST00000343526.8	1	1	1	1	1	SRR4376041,SRR4419568
ALL	ENSG00000033100.16	CHPF2	ENST00000035307.6	ENST00000495645.5	1	1	1	1	1	SRR4419568,SRR4419569
ALL	ENSG00000156675.15	RAB11FIP1	ENST00000524118.1	ENST00000522727.5	1	1	1	1	1	SRR4419567
ALL	ENSG00000156675.15	RAB11FIP1	ENST00000523182.5	ENST00000522774.1	0	0	0	1	0	SRR4419568
ALL	ENSG00000178538.9	CA8	ENST00000529918.1	ENST00000528666.1	0	0	0	1	0	SRR4419567,SRR4419568
ALL	ENSG00000164764.10	SBSPON	ENST00000297354.6	ENST00000519697.1	1	0	1	1	1	SRR4419554,SRR4419571
ALL	ENSG00000178209.14	PLEC	ENST00000532346.1	ENST00000345136.7	0	1	1	1	1	SRR4376041
ALL	ENSG00000178209.14	PLEC	ENST00000532346.1	ENST00000436759.6	0	1	1	1	1	SRR4419571
ALL	ENSG00000122694.15	GLIPR2	ENST00000619700.1	ENST00000474050.1	1	0	1	1	1	SRR4419553
ALL	ENSG00000122694.15	GLIPR2	ENST00000377960.8	ENST00000474050.1	1	0	1	1	1	SRR4419569
ALL	ENSG00000148204.11	CRB2	ENST00000460253.1	ENST00000373631.7	0	1	1	1	1	SRR4376041
ALL	ENSG00000148204.11	CRB2	ENST00000359999.7	ENST00000373631.7	1	1	1	1	1	SRR4419554
ALL	ENSG00000107968.9	MAP3K8	ENST00000542547.5	ENST00000375321.1	1	1	0	1	0	SRR4419553,SRR4419568
ALL	ENSG00000171862.10	PTEN	ENST00000487939.1	ENST00000371953.7	0	1	1	1	1	SRR4419567,SRR4419568
ALL	ENSG00000254815.5	AP006284.1	ENST00000527620.5	ENST00000533844.1	0	0	0	1	0	SRR4376041
ALL	ENSG00000254815.5	AP006284.1	ENST00000533844.1	ENST00000527620.5	0	0	0	1	0	SRR4419554
ALL	ENSG00000117984.13	CTSD	ENST00000236671.6	ENST00000497544.2	1	0	1	1	1	SRR4419553,SRR4419569
ALL	ENSG00000149179.13	C11orf49	ENST00000531648.5	ENST00000529980.5	0	0	0	1	0	SRR4419553,SRR4419567
ALL	ENSG00000149485.18	FADS1	ENST00000350997.11	ENST00000542506.5	1	1	1	1	1	SRR4376041
ALL	ENSG00000149485.18	FADS1	ENST00000350997.11	ENST00000536991.5	1	1	1	1	1	SRR4419571
ALL	ENSG00000166012.16	TAF1D	ENST00000526015.5	ENST00000529794.5	0	0	0	1	0	SRR4376041
ALL	ENSG00000166012.16	TAF1D	ENST00000534079.5	ENST00000530769.5	0	0	0	1	0	SRR4419553
ALL	ENSG00000137648.17	TMPRSS4	ENST00000519126.1	ENST00000528118.5	0	0	0	1	0	SRR4419554
ALL	ENSG00000137648.17	TMPRSS4	ENST00000519126.1	ENST00000534111.5	0	1	1	1	1	SRR4419571
ALL	ENSG00000082805.19	ERC1	ENST00000543086.7	ENST00000543263.2	1	0	1	1	1	SRR4419553
ALL	ENSG00000082805.19	ERC1	ENST00000543086.7	ENST00000589028.5	1	1	1	1	1	SRR4419567
ALL	ENSG00000110848.8	CD69	ENST00000228434.7	ENST00000543147.1	1	0	1	1	1	SRR4419567,SRR4419568
ALL	ENSG00000256660.5	CLEC12B	ENST00000544853.5	ENST00000535903.1	0	0	0	1	0	SRR4419554,SRR4419571
ALL	ENSG00000135506.15	OS9	ENST00000552787.5	ENST00000553208.5	0	0	0	1	0	SRR4419553
ALL	ENSG00000135506.15	OS9	ENST00000551285.5	ENST00000549897.1	0	0	0	1	0	SRR4419569
ALL	ENSG00000135677.10	GNS	ENST00000258145.7	ENST00000543646.5	1	1	1	1	1	SRR4419553
ALL	ENSG00000135677.10	GNS	ENST00000537823.1	ENST00000543646.5	0	1	1	1	1	SRR4419569
ALL	ENSG00000111596.11	CNOT2	ENST00000551434.5	ENST00000229195.7	0	1	1	1	1	SRR4419567
ALL	ENSG00000111596.11	CNOT2	ENST00000548021.5	ENST00000547321.5	0	0	0	1	0	SRR4419568
ALL	ENSG00000139278.9	GLIPR1	ENST00000266659.7	ENST00000536703.5	1	0	1	1	1	SRR4419567,SRR4419569
ALL	ENSG00000110880.10	CORO1C	ENST00000541050.5	ENST00000549772.5	1	1	1	1	1	SRR4419568,SRR4419569
ALL	ENSG00000135090.13	TAOK3	ENST00000392533.7	ENST00000537952.1	1	1	1	1	1	SRR4419568
ALL	ENSG00000135090.13	TAOK3	ENST00000543709.5	ENST00000392533.7	0	1	1	1	1	SRR4419569
ALL	ENSG00000184304.14	PRKD1	ENST00000547441.1	ENST00000331968.9	0	1	1	1	1	SRR4419568
ALL	ENSG00000184304.14	PRKD1	ENST00000331968.9	ENST00000547441.1	1	0	1	1	1	SRR4419571
ALL	ENSG00000125384.6	PTGER2	ENST00000245457.5	ENST00000557436.1	1	1	1	1	1	SRR4419553,SRR4419567
ALL	ENSG00000100592.15	DAAM1	ENST00000553472.1	ENST00000395125.1	0	1	1	1	1	SRR4376041
ALL	ENSG00000100592.15	DAAM1	ENST00000553472.1	ENST00000556596.1	0	0	0	1	0	SRR4419571
ALL	ENSG00000027075.14	PRKCH	ENST00000554835.1	ENST00000332981.9	0	1	1	1	1	SRR4419553
ALL	ENSG00000027075.14	PRKCH	ENST00000557599.5	ENST00000536400.5	0	0	0	1	0	SRR4419567
ALL	ENSG00000166073.10	GPR176	ENST00000560729.1	ENST00000299092.3	0	1	1	1	1	SRR4376041
ALL	ENSG00000166073.10	GPR176	ENST00000558041.5	ENST00000299092.3	0	1	1	1	1	SRR4419553
ALL	ENSG00000128886.11	ELL3	ENST00000497700.1	ENST00000486851.5	0	0	0	1	0	SRR4419568
ALL	ENSG00000128886.11	ELL3	ENST00000467869.5	ENST00000486851.5	0	0	0	1	0	SRR4419569
ALL	ENSG00000140416.19	TPM1	ENST00000560959.5	ENST00000558868.5	1	0	1	1	1	SRR4419554
ALL	ENSG00000140416.19	TPM1	ENST00000560959.5	ENST00000558264.5	1	0	1	1	1	SRR4419571
ALL	ENSG00000140403.12	DNAJA4	ENST00000446172.2	ENST00000485075.1	1	0	1	1	1	SRR4419567,SRR4419571
ALL	ENSG00000065054.13	SLC9A3R2	ENST00000563587.5	ENST00000566198.1	1	1	1	1	1	SRR4376041
ALL	ENSG00000065054.13	SLC9A3R2	ENST00000424542.6	ENST00000566198.1	1	1	1	1	1	SRR4419568
ALL	ENSG00000121281.12	ADCY7	ENST00000570187.1	ENST00000568930.1	0	0	0	1	0	SRR4419553,SRR4419569
ALL	ENSG00000140968.10	IRF8	ENST00000564056.1	ENST00000268638.9	0	1	1	1	1	SRR4376041,SRR4419571
ALL	ENSG00000177731.15	FLII	ENST00000474265.5	ENST00000582626.1	0	0	0	1	0	SRR4419553
ALL	ENSG00000177731.15	FLII	ENST00000578101.5	ENST00000579294.5	0	1	1	1	1	SRR4419568
ALL	ENSG00000188825.13	LINC00910	ENST00000586231.1	ENST00000592135.5	0	0	0	1	0	SRR4419554,SRR4419567
ALL	ENSG00000266714.7	MYO15B	ENST00000580724.1	ENST00000582561.2	0	0	0	1	0	SRR4419554
ALL	ENSG00000266714.7	MYO15B	ENST00000580724.1	ENST00000581612.1	0	0	0	1	0	SRR4419567
ALL	ENSG00000101782.14	RIOK3	ENST00000584992.1	ENST00000577501.5	0	1	1	1	1	SRR4419567
ALL	ENSG00000101782.14	RIOK3	ENST00000584992.1	ENST00000581302.5	0	0	0	1	0	SRR4419571
ALL	ENSG00000154839.9	SKA1	ENST00000398452.6	ENST00000417656.6	1	1	1	1	1	SRR4419553,SRR4419569
ALL	ENSG00000267712.5	LINC01539	ENST00000587904.5	ENST00000591974.5	0	0	0	1	0	SRR4376041,SRR4419567
ALL	ENSG00000060069.16	CTDP1	ENST00000587623.1	ENST00000075430.11	0	1	1	1	1	SRR4419567
ALL	ENSG00000060069.16	CTDP1	ENST00000613122.4	ENST00000585951.1	1	0	1	1	1	SRR4419568
ALL	ENSG00000282508.1	LINC01002	ENST00000633109.1	ENST00000632405.1	0	0	0	1	0	SRR4376041,SRR4419554
ALL	ENSG00000105514.7	RAB3D	ENST00000222120.7	ENST00000589655.1	1	1	0	1	1	SRR4419553,SRR4419569
ALL	ENSG00000160111.12	CPAMD8	ENST00000602132.5	ENST00000600235.5	0	0	0	1	0	SRR4419553
ALL	ENSG00000160111.12	CPAMD8	ENST00000602159.1	ENST00000600235.5	0	0	0	1	0	SRR4419569
ALL	ENSG00000011600.11	TYROBP	ENST00000262629.8	ENST00000586946.1	1	0	1	1	1	SRR4419553
ALL	ENSG00000011600.11	TYROBP	ENST00000262629.8	ENST00000424586.7	1	1	1	0	1	SRR4419569
ALL	ENSG00000090013.9	BLVRB	ENST00000263368.8	ENST00000601346.5	1	0	1	1	1	SRR4419553
ALL	ENSG00000090013.9	BLVRB	ENST00000263368.8	ENST00000595483.5	1	1	1	1	0	SRR4419567
ALL	ENSG00000167633.18	KIR3DL1	ENST00000326542.11	ENST00000391728.8	1	1	1	1	1	SRR4419554,SRR4419568
ALL	ENSG00000196209.12	SIRPB2	ENST00000381630.2	ENST00000359801.7	0	1	1	1	1	SRR4376041,SRR4419571
ALL	ENSG00000101347.8	SAMHD1	ENST00000262878.4	ENST00000465985.1	1	0	1	1	1	SRR4419554,SRR4419569
ALL	ENSG00000064601.16	CTSA	ENST00000372459.6	ENST00000484855.2	1	0	1	1	1	SRR4419553
ALL	ENSG00000064601.16	CTSA	ENST00000607841.5	ENST00000484855.2	0	0	0	1	0	SRR4419569
ALL	ENSG00000101150.17	TPD52L2	ENST00000352482.8	ENST00000348257.9	1	1	1	0	0	SRR4419553
ALL	ENSG00000101150.17	TPD52L2	ENST00000611972.4	ENST00000348257.9	1	1	1	1	0	SRR4419567
ALL	ENSG00000237945.7	LINC00649	ENST00000599421.1	ENST00000427447.5	0	0	0	1	0	SRR4419553,SRR4419568
ALL	ENSG00000157554.18	ERG	ENST00000398919.6	ENST00000417133.6	1	1	0	1	1	SRR4376041,SRR4419554
ALL	ENSG00000100100.12	PIK3IP1	ENST00000402249.7	ENST00000215912.9	1	1	1	1	1	SRR4419567,SRR4419571
ALL	ENSG00000128284.19	APOL3	ENST00000397287.6	ENST00000424878.3	1	1	1	1	1	SRR4419554
ALL	ENSG00000128284.19	APOL3	ENST00000397287.6	ENST00000534251.1	1	0	1	1	1	SRR4419571
ALL	ENSG00000100300.17	TSPO	ENST00000337554.7	ENST00000329563.8	1	1	0	1	1	SRR4419567,SRR4419569
ALL	ENSG00000237094.12	AL732372.2	ENST00000641049.1	ENST00000616947.2	0	0	0	1	0	SRR4419567
ALL	ENSG00000187730.8	GABRD	ENST00000378585.6	ENST00000640688.1	1	0	1	1	1	SRR4419567
ALL	ENSG00000157873.17	TNFRSF14	ENST00000442392.6	ENST00000466750.5	0	0	0	1	0	SRR4419567
ALL	ENSG00000142611.16	PRDM16	ENST00000512462.5	ENST00000270722.9	0	1	1	1	1	SRR4419567
ALL	ENSG00000131697.17	NPHP4	ENST00000460696.1	ENST00000378156.8	0	1	1	1	1	SRR4419571
ALL	ENSG00000171621.13	SPSB1	ENST00000377399.2	ENST00000328089.10	1	1	0	1	1	SRR4419568
ALL	ENSG00000160049.11	DFFA	ENST00000377038.7	ENST00000377036.2	1	1	1	1	1	SRR4419567
ALL	ENSG00000197312.11	DDI2	ENST00000480945.5	ENST00000546927.1	1	0	1	1	1	SRR4419569
ALL	ENSG00000173641.17	HSPB7	ENST00000311890.13	ENST00000442459.2	1	0	1	1	1	SRR4419571
ALL	ENSG00000117118.9	SDHB	ENST00000375499.7	ENST00000475506.1	1	0	1	1	1	SRR4419567
ALL	ENSG00000053372.4	MRTO4	ENST00000330263.4	ENST00000479559.1	1	0	1	1	1	SRR4419569
ALL	ENSG00000125945.14	ZNF436	ENST00000374608.3	ENST00000314011.8	1	1	0	1	1	SRR4419571
ALL	ENSG00000189266.11	PNRC2	ENST00000334351.7	ENST00000579103.1	1	1	1	1	1	SRR4376041
ALL	ENSG00000142751.14	GPN2	ENST00000461282.1	ENST00000374135.8	0	1	1	1	1	SRR4419571
ALL	ENSG00000142733.14	MAP3K6	ENST00000470890.1	ENST00000357582.2	0	1	1	1	1	SRR4376041
ALL	ENSG00000242125.3	SNHG3	ENST00000447507.1	ENST00000413987.1	0	0	0	1	0	SRR4419571
ALL	ENSG00000116350.16	SRSF4	ENST00000497015.5	ENST00000477193.1	0	0	0	1	0	SRR4419568
ALL	ENSG00000162510.5	MATN1	ENST00000494561.1	ENST00000373765.4	0	1	1	1	1	SRR4419571
ALL	ENSG00000025800.13	KPNA6	ENST00000373625.7	ENST00000469790.1	1	0	1	1	1	SRR4376041
ALL	ENSG00000116560.10	SFPQ	ENST00000357214.5	ENST00000485365.1	1	0	1	1	1	SRR4419553
ALL	ENSG00000183431.11	SF3A3	ENST00000373019.4	ENST00000470585.5	1	0	1	1	1	SRR4419553
ALL	ENSG00000090621.13	PABPC4	ENST00000477556.1	ENST00000468476.1	0	0	0	1	0	SRR4419568
ALL	ENSG00000284719.1	AL033527.5	ENST00000641382.1	ENST00000641632.1	0	0	0	1	0	SRR4419554
ALL	ENSG00000168389.17	MFSD2A	ENST00000483824.5	ENST00000480630.5	0	0	0	1	0	SRR4419571
ALL	ENSG00000131236.16	CAP1	ENST00000372805.7	ENST00000494114.1	1	0	1	1	1	SRR4419553
ALL	ENSG00000117013.14	KCNQ4	ENST00000506017.1	ENST00000347132.9	0	1	1	1	1	SRR4419568
ALL	ENSG00000236200.5	KDM4A-AS1	ENST00000398804.7	ENST00000439057.5	0	0	0	1	0	SRR4419567
ALL	ENSG00000117411.16	B4GALT2	ENST00000481924.1	ENST00000498543.1	0	0	0	1	0	SRR4419554
ALL	ENSG00000117425.13	PTCH2	ENST00000447098.6	ENST00000372192.3	1	1	1	1	1	SRR4419554
ALL	ENSG00000226133.6	AL356289.1	ENST00000456803.5	ENST00000635446.1	0	0	0	1	0	SRR4419567
ALL	ENSG00000117834.12	SLC5A9	ENST00000533824.5	ENST00000525901.1	1	0	1	1	1	SRR4419571
ALL	ENSG00000078618.21	NRDC	ENST00000485608.5	ENST00000539524.5	0	1	1	1	1	SRR4419569
ALL	ENSG00000116678.19	LEPR	ENST00000462765.5	ENST00000371059.7	0	1	1	1	1	SRR4376041
ALL	ENSG00000184588.17	PDE4B	ENST00000329654.8	ENST00000341517.8	1	1	0	1	1	SRR4419553
ALL	ENSG00000118473.21	SGIP1	ENST00000483060.1	ENST00000484988.2	0	0	0	1	0	SRR4419571
ALL	ENSG00000237919.5	AL158840.1	ENST00000414132.5	ENST00000425754.1	0	0	0	1	0	SRR4419554
ALL	ENSG00000137955.15	RABGGTB	ENST00000470201.5	ENST00000491266.5	0	0	0	1	0	SRR4419568
ALL	ENSG00000162613.16	FUBP1	ENST00000492724.1	ENST00000470287.1	0	0	0	1	0	SRR4419569
ALL	ENSG00000065243.19	PKN2	ENST00000370513.9	ENST00000495119.1	1	0	1	1	1	SRR4419553
ALL	ENSG00000117528.11	ABCD3	ENST00000484213.1	ENST00000468860.1	0	0	0	1	0	SRR4419554
ALL	ENSG00000155366.16	RHOC	ENST00000369632.6	ENST00000369642.7	1	1	0	1	1	SRR4376041
ALL	ENSG00000116752.5	BCAS2	ENST00000369541.3	ENST00000485021.1	1	0	1	1	1	SRR4419571
ALL	ENSG00000009307.15	CSDE1	ENST00000339438.10	ENST00000483407.1	1	0	1	1	1	SRR4376041
ALL	ENSG00000092621.12	PHGDH	ENST00000496756.2	ENST00000641455.1	0	0	0	1	0	SRR4419568
ALL	ENSG00000134250.19	NOTCH2	ENST00000256646.6	ENST00000493703.1	1	0	1	1	1	SRR4419569
ALL	ENSG00000198019.12	FCGR1B	ENST00000453173.2	ENST00000369384.8	0	1	1	1	1	SRR4376041
ALL	ENSG00000186364.11	NUDT17	ENST00000498192.5	ENST00000460879.5	0	0	0	1	0	SRR4376041
ALL	ENSG00000178104.19	PDE4DIP	ENST00000479369.6	ENST00000618504.4	0	1	1	1	1	SRR4419571
ALL	ENSG00000143374.16	TARS2	ENST00000460794.1	ENST00000483046.1	0	0	0	1	0	SRR4419567
ALL	ENSG00000159352.15	PSMD4	ENST00000476855.5	ENST00000461434.1	0	0	0	1	0	SRR4419553
ALL	ENSG00000143416.20	SELENBP1	ENST00000498494.1	ENST00000368868.9	0	1	1	1	1	SRR4419568
ALL	ENSG00000163218.14	PGLYRP4	ENST00000490266.1	ENST00000359650.9	0	1	1	1	1	SRR4419554
ALL	ENSG00000143546.9	S100A8	ENST00000368733.3	ENST00000368732.5	1	1	0	1	0	SRR4419571
ALL	ENSG00000196154.11	S100A4	ENST00000368715.5	ENST00000468373.1	1	0	1	1	1	SRR4419569
ALL	ENSG00000189171.14	S100A13	ENST00000392622.3	ENST00000392623.5	1	1	0	1	0	SRR4419568
ALL	ENSG00000143630.9	HCN3	ENST00000492035.1	ENST00000368358.3	0	1	1	1	1	SRR4419554
ALL	ENSG00000254726.2	MEX3A	ENST00000442784.1	ENST00000532414.2	0	1	1	1	1	SRR4419568
ALL	ENSG00000160789.19	LMNA	ENST00000368299.7	ENST00000368297.5	1	1	1	1	1	SRR4419567
ALL	ENSG00000236947.5	AL139412.1	ENST00000441085.5	ENST00000452465.1	0	0	0	1	0	SRR4419571
ALL	ENSG00000122218.14	COPA	ENST00000241704.7	ENST00000545266.1	1	0	1	1	1	SRR4419553
ALL	ENSG00000158764.6	ITLN2	ENST00000490489.1	ENST00000368029.3	0	1	1	1	1	SRR4419554
ALL	ENSG00000143252.14	SDHC	ENST00000513009.5	ENST00000437833.2	1	0	1	1	1	SRR4419553
ALL	ENSG00000000460.16	C1orf112	ENST00000286031.10	ENST00000498289.5	1	0	1	1	1	SRR4419554
ALL	ENSG00000116260.16	QSOX1	ENST00000367600.5	ENST00000367602.7	1	1	1	1	1	SRR4419553
ALL	ENSG00000047410.13	TPR	ENST00000367478.8	ENST00000467810.1	1	0	1	1	1	SRR4419571
ALL	ENSG00000127074.14	RGS13	ENST00000462955.1	ENST00000482095.1	0	0	0	1	0	SRR4419571
ALL	ENSG00000134371.10	CDC73	ENST00000367435.3	ENST00000477868.1	1	0	1	1	1	SRR4419569
ALL	ENSG00000143278.3	F13B	ENST00000367412.1	ENST00000490002.1	1	0	1	1	1	SRR4419553
ALL	ENSG00000225172.5	AC096631.1	ENST00000440162.1	ENST00000422480.5	0	0	0	1	0	SRR4419569
ALL	ENSG00000134369.15	NAV1	ENST00000469130.5	ENST00000491403.1	0	0	0	1	0	SRR4419568
ALL	ENSG00000117139.16	KDM5B	ENST00000367264.6	ENST00000367265.7	1	1	1	1	1	SRR4376041
ALL	ENSG00000143842.14	SOX13	ENST00000367204.5	ENST00000367203.8	1	0	1	1	1	SRR4419571
ALL	ENSG00000162889.10	MAPKAPK2	ENST00000479009.1	ENST00000294981.8	0	1	1	1	1	SRR4419568
ALL	ENSG00000180667.10	YOD1	ENST00000315927.8	ENST00000367084.1	1	1	1	1	0	SRR4419569
ALL	ENSG00000117707.15	PROX1	ENST00000435016.2	ENST00000498508.6	1	1	1	1	1	SRR4419568
ALL	ENSG00000143507.17	DUSP10	ENST00000366899.3	ENST00000477026.5	1	0	1	1	1	SRR4419568
ALL	ENSG00000143514.16	TP53BP2	ENST00000481128.1	ENST00000498843.5	0	0	0	1	0	SRR4419567
ALL	ENSG00000143815.14	LBR	ENST00000441022.1	ENST00000487054.1	0	0	0	1	0	SRR4419567
ALL	ENSG00000182827.8	ACBD3	ENST00000366812.5	ENST00000464927.1	1	0	1	1	1	SRR4419567
ALL	ENSG00000143761.15	ARF1	ENST00000541182.1	ENST00000470558.5	1	0	1	1	1	SRR4419568
ALL	ENSG00000162910.18	MRPL55	ENST00000366744.5	ENST00000366746.7	1	1	0	1	0	SRR4419571
ALL	ENSG00000143774.16	GUK1	ENST00000486668.5	ENST00000465025.1	0	0	0	1	0	SRR4419567
ALL	ENSG00000119280.16	C1orf198	ENST00000523410.1	ENST00000366663.9	1	1	1	1	1	SRR4419571
ALL	ENSG00000059588.9	TARBP1	ENST00000040877.1	ENST00000462259.5	1	0	1	1	1	SRR4376041
ALL	ENSG00000054267.21	ARID4B	ENST00000462969.1	ENST00000466653.1	0	0	0	1	0	SRR4419568
ALL	ENSG00000116977.18	LGALS8	ENST00000352231.6	ENST00000525042.1	1	1	1	1	1	SRR4419569
ALL	ENSG00000179456.10	ZBTB18	ENST00000358704.4	ENST00000622512.1	1	1	1	1	1	SRR4419568
ALL	ENSG00000035687.9	ADSS	ENST00000366535.3	ENST00000468215.1	1	0	1	1	1	SRR4419567
ALL	ENSG00000162849.15	KIF26B	ENST00000479506.1	ENST00000483253.1	0	0	0	1	0	SRR4419571
ALL	ENSG00000228643.1	AC079779.2	ENST00000427831.1	ENST00000450709.1	0	0	0	1	0	SRR4419569
ALL	ENSG00000134324.11	LPIN1	ENST00000475286.1	ENST00000475922.1	0	0	0	1	0	SRR4419567
ALL	ENSG00000225649.5	AC064875.1	ENST00000414661.1	ENST00000425974.5	0	0	0	1	0	SRR4419568
ALL	ENSG00000151779.12	NBAS	ENST00000281513.9	ENST00000485694.1	1	0	1	1	1	SRR4419569
ALL	ENSG00000115884.10	SDC1	ENST00000403076.5	ENST00000254351.8	1	1	1	1	1	SRR4419568
ALL	ENSG00000119778.14	ATAD2B	ENST00000366438.3	ENST00000478885.1	0	0	0	1	0	SRR4419567
ALL	ENSG00000119782.13	FKBP1B	ENST00000438630.5	ENST00000380991.8	0	1	1	1	1	SRR4419571
ALL	ENSG00000138101.18	DTNB	ENST00000398951.6	ENST00000288642.12	0	1	1	1	1	SRR4419554
ALL	ENSG00000084774.13	CAD	ENST00000464159.1	ENST00000403525.5	0	1	1	1	1	SRR4419567
ALL	ENSG00000162949.16	CAPN13	ENST00000485248.2	ENST00000490786.1	0	0	0	1	0	SRR4419553
ALL	ENSG00000138036.18	DYNC2LI1	ENST00000398823.6	ENST00000496980.6	1	0	1	1	1	SRR4376041
ALL	ENSG00000259439.2	LINC01833	ENST00000560399.1	ENST00000430847.2	0	0	0	1	0	SRR4419569
ALL	ENSG00000068724.15	TTC7A	ENST00000461601.5	ENST00000319190.9	0	1	1	1	1	SRR4376041
ALL	ENSG00000115380.19	EFEMP1	ENST00000394555.6	ENST00000355426.7	1	1	0	1	1	SRR4419569
ALL	ENSG00000173209.22	AHSA2	ENST00000394457.7	ENST00000471542.5	1	0	1	1	1	SRR4419568
ALL	ENSG00000138069.16	RAB1A	ENST00000409892.5	ENST00000494188.1	1	0	1	1	1	SRR4419569
ALL	ENSG00000119865.8	CNRIP1	ENST00000481714.1	ENST00000263655.3	0	1	1	1	1	SRR4419554
ALL	ENSG00000187605.15	TET3	ENST00000409262.7	ENST00000496886.1	1	0	1	1	1	SRR4419569
ALL	ENSG00000115318.11	LOXL3	ENST00000470907.6	ENST00000409549.5	0	1	1	1	1	SRR4419554
ALL	ENSG00000196843.15	ARID5A	ENST00000454558.2	ENST00000467498.5	1	0	1	1	1	SRR4419567
ALL	ENSG00000115085.13	ZAP70	ENST00000495754.1	ENST00000489250.1	0	0	0	1	0	SRR4376041
ALL	ENSG00000071054.16	MAP4K4	ENST00000302217.9	ENST00000476609.1	1	0	1	1	1	SRR4419567
ALL	ENSG00000186148.13	AC013268.1	ENST00000425917.1	ENST00000424535.5	0	0	0	1	0	SRR4419568
ALL	ENSG00000115091.11	ACTR3	ENST00000446821.5	ENST00000478928.1	0	0	0	1	0	SRR4419569
ALL	ENSG00000236255.1	AC009404.1	ENST00000445332.1	ENST00000439955.1	0	0	0	1	0	SRR4419567
ALL	ENSG00000136732.14	GYPC	ENST00000259254.8	ENST00000409836.3	1	1	1	1	1	SRR4419553
ALL	ENSG00000214081.8	CYP4F30P	ENST00000397485.6	ENST00000438109.5	0	0	0	1	0	SRR4419571
ALL	ENSG00000075886.10	TUBA3D	ENST00000321253.6	ENST00000409047.2	1	0	1	1	1	SRR4419567
ALL	ENSG00000048991.16	R3HDM1	ENST00000410054.5	ENST00000463230.5	1	0	1	1	1	SRR4419567
ALL	ENSG00000076003.4	MCM6	ENST00000264156.2	ENST00000483902.1	1	0	1	1	1	SRR4419571
ALL	ENSG00000115866.10	DARS	ENST00000264161.8	ENST00000474184.1	1	0	1	1	1	SRR4419567
ALL	ENSG00000080345.17	RIF1	ENST00000484077.1	ENST00000457745.1	0	0	0	1	0	SRR4419568
ALL	ENSG00000144283.21	PKP4	ENST00000426248.7	ENST00000457109.5	0	0	0	1	0	SRR4419567
ALL	ENSG00000136560.13	TANK	ENST00000477952.1	ENST00000392749.6	0	1	1	1	1	SRR4419567
ALL	ENSG00000136535.14	TBR1	ENST00000489530.1	ENST00000410035.1	0	1	1	1	1	SRR4419567
ALL	ENSG00000073737.16	DHRS9	ENST00000602501.5	ENST00000436483.6	1	1	0	1	0	SRR4419571
ALL	ENSG00000115935.17	WIPF1	ENST00000359761.7	ENST00000470752.5	1	0	1	1	1	SRR4419567
ALL	ENSG00000188452.13	CERKL	ENST00000410087.7	ENST00000494398.5	1	0	1	1	1	SRR4419569
ALL	ENSG00000138448.11	ITGAV	ENST00000496477.1	ENST00000433736.6	0	1	1	1	1	SRR4419571
ALL	ENSG00000128699.13	ORMDL1	ENST00000496543.1	ENST00000392349.8	0	1	1	1	1	SRR4419567
ALL	ENSG00000128641.18	MYO1B	ENST00000339514.8	ENST00000494129.1	1	0	1	1	1	SRR4419571
ALL	ENSG00000232732.9	AC097717.1	ENST00000413557.5	ENST00000457577.7	0	0	0	1	0	SRR4419553
ALL	ENSG00000240344.8	PPIL3	ENST00000409361.5	ENST00000497263.5	1	0	1	1	1	SRR4419567
ALL	ENSG00000003402.19	CFLAR	ENST00000460961.1	ENST00000470664.1	0	0	0	1	0	SRR4419569
ALL	ENSG00000155754.14	C2CD6	ENST00000286195.7	ENST00000482942.1	1	0	1	1	1	SRR4419571
ALL	ENSG00000178562.17	CD28	ENST00000374481.7	ENST00000324106.8	1	1	1	1	1	SRR4419553
ALL	ENSG00000116117.17	PARD3B	ENST00000351153.5	ENST00000415947.1	1	0	1	1	1	SRR4419567
ALL	ENSG00000118257.16	NRP2	ENST00000412873.2	ENST00000417189.5	1	1	1	1	1	SRR4419567
ALL	ENSG00000279220.1	GPR1-AS	ENST00000624973.1	ENST00000623040.1	0	0	0	1	0	SRR4419571
ALL	ENSG00000178385.14	PLEKHM3	ENST00000457206.1	ENST00000343987.2	1	0	1	1	1	SRR4419553
ALL	ENSG00000078018.19	MAP2	ENST00000464007.1	ENST00000199940.10	0	1	1	1	1	SRR4419568
ALL	ENSG00000127838.13	PNKD	ENST00000273077.8	ENST00000469689.1	1	0	1	1	1	SRR4419553
ALL	ENSG00000144589.21	STK11IP	ENST00000468584.5	ENST00000465230.5	0	0	0	1	0	SRR4419569
ALL	ENSG00000152056.16	AP1S3	ENST00000443700.5	ENST00000409375.1	1	1	1	1	1	SRR4419569
ALL	ENSG00000153832.11	FBXO36	ENST00000465090.2	ENST00000373652.7	0	1	1	1	1	SRR4419567
ALL	ENSG00000067066.16	SP100	ENST00000427101.6	ENST00000494508.1	1	0	1	1	1	SRR4419569
ALL	ENSG00000135916.15	ITM2C	ENST00000326427.10	ENST00000335005.10	1	1	1	1	0	SRR4419553
ALL	ENSG00000182600.9	C2orf82	ENST00000449331.3	ENST00000409230.5	0	1	1	1	1	SRR4419554
ALL	ENSG00000124831.18	LRRFIP1	ENST00000473815.1	ENST00000289175.10	0	1	1	1	1	SRR4419567
ALL	ENSG00000132323.8	ILKAP	ENST00000622223.4	ENST00000465131.5	1	0	1	1	1	SRR4419568
ALL	ENSG00000162804.13	SNED1	ENST00000342631.7	ENST00000483962.1	1	0	1	1	0	SRR4419553
ALL	ENSG00000006607.13	FARP2	ENST00000373287.8	ENST00000467260.1	1	0	1	1	1	SRR4376041
ALL	ENSG00000168395.15	ING5	ENST00000493578.1	ENST00000492488.5	0	0	0	1	0	SRR4419553
ALL	ENSG00000226258.6	GRM7-AS3	ENST00000417482.5	ENST00000424366.5	0	0	0	1	0	SRR4419553
ALL	ENSG00000163701.18	IL17RE	ENST00000489181.5	ENST00000483258.1	0	0	0	1	0	SRR4419568
ALL	ENSG00000170876.7	TMEM43	ENST00000306077.4	ENST00000432444.1	1	0	1	1	1	SRR4419569
ALL	ENSG00000131389.16	SLC6A6	ENST00000613930.4	ENST00000615188.1	0	0	0	1	0	SRR4419569
ALL	ENSG00000225733.5	FGD5-AS1	ENST00000424349.1	ENST00000440079.1	0	0	0	1	0	SRR4419569
ALL	ENSG00000177463.15	NR2C2	ENST00000617312.4	ENST00000495282.1	1	0	1	1	1	SRR4419553
ALL	ENSG00000206560.11	ANKRD28	ENST00000461696.1	ENST00000497037.5	0	0	0	1	0	SRR4419567
ALL	ENSG00000183960.8	KCNH8	ENST00000452398.5	ENST00000328405.6	0	1	1	1	1	SRR4419571
ALL	ENSG00000129810.14	SGO1	ENST00000443724.5	ENST00000460637.1	1	0	1	1	1	SRR4419571
ALL	ENSG00000144642.21	RBMS3	ENST00000445077.1	ENST00000456853.1	0	1	1	1	1	SRR4376041
ALL	ENSG00000170266.15	GLB1	ENST00000473477.1	ENST00000497796.5	0	0	0	1	0	SRR4419553
ALL	ENSG00000170275.14	CRTAP	ENST00000449224.1	ENST00000320954.10	1	1	1	1	1	SRR4419567
ALL	ENSG00000235257.8	ITGA9-AS1	ENST00000594579.1	ENST00000449586.1	0	0	0	1	0	SRR4419567
ALL	ENSG00000144677.14	CTDSPL	ENST00000435525.1	ENST00000486978.5	0	0	0	1	0	SRR4419567
ALL	ENSG00000183873.15	SCN5A	ENST00000414099.6	ENST00000450102.6	1	1	1	0	1	SRR4419568
ALL	ENSG00000114812.12	VIPR1	ENST00000433647.5	ENST00000325123.4	1	1	1	1	0	SRR4376041
ALL	ENSG00000093183.13	SEC22C	ENST00000454141.5	ENST00000264454.7	0	1	1	1	1	SRR4419567
ALL	ENSG00000244607.5	CCDC13	ENST00000310232.10	ENST00000492806.5	1	0	1	1	1	SRR4419571
ALL	ENSG00000163814.7	CDCP1	ENST00000425231.2	ENST00000296129.5	1	1	1	0	1	SRR4419567
ALL	ENSG00000230530.1	LIMD1-AS1	ENST00000429798.1	ENST00000427644.1	0	0	0	1	0	SRR4419568
ALL	ENSG00000010256.10	UQCRC1	ENST00000412343.5	ENST00000480561.5	0	0	0	1	0	SRR4419553
ALL	ENSG00000177479.19	ARIH2	ENST00000487891.1	ENST00000482342.1	0	0	0	1	0	SRR4419568
ALL	ENSG00000164078.12	MST1R	ENST00000485044.5	ENST00000490053.1	0	0	0	1	0	SRR4419571
ALL	ENSG00000068028.17	RASSF1	ENST00000494145.1	ENST00000616212.4	0	1	1	1	1	SRR4419568
ALL	ENSG00000023330.14	ALAS1	ENST00000469224.5	ENST00000484952.5	1	1	0	1	1	SRR4419554
ALL	ENSG00000114861.18	FOXP1	ENST00000498215.5	ENST00000475937.5	1	1	0	1	1	SRR4419567
ALL	ENSG00000114480.12	GBE1	ENST00000477426.1	ENST00000486920.1	0	0	0	1	0	SRR4419553
ALL	ENSG00000144802.11	NFKBIZ	ENST00000394054.6	ENST00000326151.9	1	1	1	1	1	SRR4419567
ALL	ENSG00000240891.7	PLCXD2	ENST00000474484.1	ENST00000477665.1	0	1	1	1	1	SRR4419569
ALL	ENSG00000144824.20	PHLDB2	ENST00000393923.7	ENST00000478584.5	1	0	1	1	1	SRR4419569
ALL	ENSG00000163608.14	NEPRO	ENST00000469809.5	ENST00000472705.5	0	0	0	1	0	SRR4419567
ALL	ENSG00000183833.16	MAATS1	ENST00000469659.5	ENST00000463700.1	0	1	1	1	1	SRR4419553
ALL	ENSG00000113924.11	HGD	ENST00000470321.1	ENST00000480862.1	0	0	0	1	0	SRR4376041
ALL	ENSG00000114013.15	CD86	ENST00000469710.5	ENST00000330540.6	1	1	1	1	1	SRR4376041
ALL	ENSG00000065534.18	MYLK	ENST00000515434.1	ENST00000464489.5	0	0	0	1	0	SRR4419569
ALL	ENSG00000082781.11	ITGB5	ENST00000608945.1	ENST00000296181.8	0	1	1	1	1	SRR4419567
ALL	ENSG00000159650.8	UROC1	ENST00000383579.3	ENST00000290868.6	1	1	1	1	1	SRR4419554
ALL	ENSG00000114054.13	PCCB	ENST00000471595.5	ENST00000482086.5	1	1	1	1	1	SRR4419571
ALL	ENSG00000114098.17	ARMC8	ENST00000460495.5	ENST00000494015.1	0	0	0	1	0	SRR4419554
ALL	ENSG00000158186.12	MRAS	ENST00000464896.5	ENST00000478647.1	1	0	1	1	1	SRR4419571
ALL	ENSG00000196549.10	MME	ENST00000491597.5	ENST00000382989.7	0	1	1	1	1	SRR4419568
ALL	ENSG00000163590.13	PPM1L	ENST00000464260.5	ENST00000497343.5	1	1	1	1	1	SRR4419571
ALL	ENSG00000163577.7	EIF5A2	ENST00000487522.5	ENST00000295822.6	1	1	1	1	1	SRR4419571
ALL	ENSG00000177565.16	TBL1XR1	ENST00000457928.6	ENST00000474363.1	1	0	1	1	1	SRR4419553
ALL	ENSG00000171121.16	KCNMB3	ENST00000485523.5	ENST00000392685.6	1	1	1	1	1	SRR4419571
ALL	ENSG00000161204.11	ABCF3	ENST00000498136.5	ENST00000463685.1	0	0	0	1	0	SRR4419567
ALL	ENSG00000176945.16	MUC20	ENST00000445522.6	ENST00000498018.1	1	0	1	1	1	SRR4419571
ALL	ENSG00000061938.17	TNK2	ENST00000486523.1	ENST00000447060.5	0	0	0	1	0	SRR4419571
ALL	ENSG00000163958.13	ZDHHC19	ENST00000438232.5	ENST00000460442.5	0	0	0	1	0	SRR4376041
ALL	ENSG00000163960.11	UBXN7	ENST00000296328.8	ENST00000493566.1	1	0	1	1	1	SRR4376041
ALL	ENSG00000214135.8	AC132008.2	ENST00000418868.5	ENST00000437008.5	0	0	0	1	0	SRR4419569
ALL	ENSG00000169020.9	ATP5I	ENST00000515202.5	ENST00000505852.1	0	0	0	1	0	SRR4419553
ALL	ENSG00000185818.7	NAT8L	ENST00000331662.3	ENST00000423729.2	1	1	1	1	1	SRR4419571
ALL	ENSG00000123933.16	MXD4	ENST00000337190.6	ENST00000510822.1	1	0	1	1	1	SRR4419569
ALL	ENSG00000159788.18	RGS12	ENST00000512266.5	ENST00000511805.5	0	0	0	1	0	SRR4419571
ALL	ENSG00000163956.10	LRPAP1	ENST00000509198.1	ENST00000515119.5	0	0	0	1	0	SRR4419569
ALL	ENSG00000168824.14	HGNC:18790	ENST00000513555.5	ENST00000506380.5	1	1	0	1	1	SRR4419569
ALL	ENSG00000240005.5	AC106047.1	ENST00000467484.1	ENST00000472346.1	0	0	0	1	0	SRR4419571
ALL	ENSG00000121892.14	PDS5A	ENST00000503867.1	ENST00000503396.5	0	1	1	1	1	SRR4419569
ALL	ENSG00000168421.12	RHOH	ENST00000381799.9	ENST00000504638.1	1	0	1	1	1	SRR4419567
ALL	ENSG00000151806.13	GUF1	ENST00000281543.5	ENST00000511493.1	1	0	1	1	1	SRR4419553
ALL	ENSG00000134851.12	TMEM165	ENST00000515591.1	ENST00000502797.1	0	0	0	1	0	SRR4419567
ALL	ENSG00000138757.14	G3BP2	ENST00000513927.1	ENST00000359707.8	0	1	1	1	1	SRR4419568
ALL	ENSG00000138759.18	FRAS1	ENST00000325942.10	ENST00000508909.5	1	0	1	1	1	SRR4419569
ALL	ENSG00000138772.12	ANXA3	ENST00000503776.2	ENST00000264908.10	0	1	1	1	1	SRR4419554
ALL	ENSG00000152795.17	HNRNPDL	ENST00000602300.5	ENST00000507721.5	1	1	0	1	1	SRR4419553
ALL	ENSG00000138674.16	SEC31A	ENST00000311785.11	ENST00000264405.9	1	1	1	1	1	SRR4419569
ALL	ENSG00000251022.6	THAP9-AS1	ENST00000511271.5	ENST00000507660.5	0	0	0	1	0	SRR4419568
ALL	ENSG00000145287.10	PLAC8	ENST00000515389.5	ENST00000509973.5	0	1	1	1	1	SRR4419567
ALL	ENSG00000163625.15	WDFY3	ENST00000504990.1	ENST00000295888.8	0	1	1	1	1	SRR4376041
ALL	ENSG00000198189.10	HSD17B11	ENST00000358290.8	ENST00000502576.5	1	0	1	1	1	SRR4419569
ALL	ENSG00000163110.14	PDLIM5	ENST00000380176.7	ENST00000512274.1	0	1	1	1	1	SRR4419554
ALL	ENSG00000168769.13	TET2	ENST00000413648.2	ENST00000540549.5	1	1	1	1	1	SRR4419569
ALL	ENSG00000164074.14	ABHD18	ENST00000398965.5	ENST00000611882.1	1	1	1	1	1	SRR4419567
ALL	ENSG00000246876.6	LINC02466	ENST00000500092.6	ENST00000509105.1	0	0	0	1	0	SRR4419554
ALL	ENSG00000189184.11	PCDH18	ENST00000510305.5	ENST00000412923.6	1	1	1	1	1	SRR4376041
ALL	ENSG00000250361.7	GYPB	ENST00000513557.5	ENST00000502664.5	0	1	1	1	1	SRR4419568
ALL	ENSG00000151790.8	TDO2	ENST00000509738.1	ENST00000536354.2	0	1	1	1	1	SRR4419568
ALL	ENSG00000164125.15	FAM198B	ENST00000393807.9	ENST00000585682.5	1	1	1	0	1	SRR4419554
ALL	ENSG00000145416.13	MARCH1	ENST00000503008.5	ENST00000510786.1	1	0	1	1	1	SRR4376041
ALL	ENSG00000198948.11	MFAP3L	ENST00000393704.3	ENST00000361618.3	1	1	1	1	1	SRR4419567
ALL	ENSG00000174473.15	GALNTL6	ENST00000508122.5	ENST00000511251.1	1	1	1	1	1	SRR4419567
ALL	ENSG00000151718.15	WWC2	ENST00000504005.5	ENST00000427431.5	1	0	1	1	1	SRR4419567
ALL	ENSG00000083857.13	FAT1	ENST00000512347.1	ENST00000508035.1	0	0	0	1	0	SRR4419568
ALL	ENSG00000063438.16	AHRR	ENST00000506456.1	ENST00000316418.9	1	1	1	1	1	SRR4419571
ALL	ENSG00000154124.4	OTULIN	ENST00000284274.4	ENST00000508678.1	1	0	1	1	1	SRR4376041
ALL	ENSG00000113387.11	SUB1	ENST00000515355.5	ENST00000506237.5	1	1	0	1	1	SRR4419568
ALL	ENSG00000164190.17	NIPBL	ENST00000448238.2	ENST00000509429.1	1	0	1	1	1	SRR4376041
ALL	ENSG00000112996.10	MRPS30	ENST00000507110.5	ENST00000515647.1	1	0	1	1	1	SRR4419553
ALL	ENSG00000155545.19	MIER3	ENST00000452157.5	ENST00000381226.7	0	1	1	1	1	SRR4419554
ALL	ENSG00000145632.14	PLK2	ENST00000510629.1	ENST00000503378.1	0	0	0	1	0	SRR4419571
ALL	ENSG00000145642.11	FAM159B	ENST00000506473.5	ENST00000513930.1	0	0	0	1	0	SRR4419571
ALL	ENSG00000250687.6	AC146944.2	ENST00000425529.7	ENST00000504546.5	0	0	0	1	0	SRR4419567
ALL	ENSG00000145741.15	BTF3	ENST00000335895.12	ENST00000512257.1	1	0	1	1	1	SRR4419554
ALL	ENSG00000145703.15	IQGAP2	ENST00000502745.5	ENST00000396234.7	1	1	1	1	1	SRR4419569
ALL	ENSG00000132846.5	ZBED3	ENST00000505685.1	ENST00000255198.2	0	1	1	1	1	SRR4419567
ALL	ENSG00000164329.13	PAPD4	ENST00000502269.1	ENST00000504233.5	0	1	1	1	1	SRR4419567
ALL	ENSG00000177034.14	MTX3	ENST00000512560.5	ENST00000509852.5	1	1	1	1	1	SRR4419554
ALL	ENSG00000145687.16	SSBP2	ENST00000510060.5	ENST00000513785.5	0	0	0	1	0	SRR4376041
ALL	ENSG00000174695.9	TMEM167A	ENST00000502346.1	ENST00000504622.5	1	0	1	1	1	SRR4419569
ALL	ENSG00000152422.15	XRCC4	ENST00000282268.7	ENST00000542685.5	1	0	1	1	1	SRR4376041
ALL	ENSG00000175449.13	RFESD	ENST00000311364.8	ENST00000380005.8	1	1	1	1	1	SRR4419554
ALL	ENSG00000112893.9	MAN2A1	ENST00000261483.4	ENST00000508043.1	1	0	1	1	1	SRR4419553
ALL	ENSG00000171444.17	MCC	ENST00000514701.5	ENST00000302475.8	1	1	1	1	1	SRR4376041
ALL	ENSG00000145794.16	MEGF10	ENST00000503335.6	ENST00000506709.1	1	0	1	1	1	SRR4419553
ALL	ENSG00000064651.13	SLC12A2	ENST00000509616.1	ENST00000262461.6	0	1	1	1	1	SRR4376041
ALL	ENSG00000197536.11	C5orf56	ENST00000378947.7	ENST00000337752.6	1	1	1	1	1	SRR4419567
ALL	ENSG00000238160.1	AC116366.2	ENST00000422204.1	ENST00000454380.1	0	0	0	1	0	SRR4419567
ALL	ENSG00000164402.13	SEPT8	ENST00000378701.5	ENST00000481030.1	1	0	1	1	1	SRR4419571
ALL	ENSG00000164404.8	GDF9	ENST00000624495.3	ENST00000464378.1	1	0	1	1	1	SRR4419571
ALL	ENSG00000170606.14	HSPA4	ENST00000304858.6	ENST00000514825.1	1	0	1	1	1	SRR4419567
ALL	ENSG00000237190.3	CDKN2AIPNL	ENST00000458198.2	ENST00000395009.3	1	1	1	1	1	SRR4419567
ALL	ENSG00000113648.16	H2AFY	ENST00000423969.6	ENST00000508785.5	1	0	1	1	1	SRR4419567
ALL	ENSG00000170476.15	MZB1	ENST00000513389.1	ENST00000503481.5	0	0	0	1	0	SRR4419567
ALL	ENSG00000131495.8	NDUFA2	ENST00000512088.1	ENST00000502960.1	1	0	1	1	1	SRR4419569
ALL	ENSG00000240184.6	PCDHGC3	ENST00000622656.1	ENST00000622836.1	0	0	0	1	0	SRR4419571
ALL	ENSG00000113580.14	NR3C1	ENST00000424646.6	ENST00000415690.6	1	1	1	1	1	SRR4419567
ALL	ENSG00000145879.10	SPINK7	ENST00000523913.1	ENST00000514646.5	0	0	0	1	0	SRR4419554
ALL	ENSG00000113721.13	PDGFRB	ENST00000523456.1	ENST00000522466.1	0	0	0	1	0	SRR4419553
ALL	ENSG00000123643.12	SLC36A1	ENST00000429484.6	ENST00000243389.7	1	1	1	1	1	SRR4419554
ALL	ENSG00000113328.18	CCNG1	ENST00000393929.5	ENST00000512163.5	1	1	1	1	1	SRR4419554
ALL	ENSG00000168269.8	FOXI1	ENST00000449804.3	ENST00000306268.6	1	1	1	1	1	SRR4419567
ALL	ENSG00000174705.12	SH3PXD2B	ENST00000519643.5	ENST00000311601.5	1	1	1	1	1	SRR4376041
ALL	ENSG00000248596.7	AC139491.2	ENST00000515403.5	ENST00000503307.2	0	0	0	1	0	SRR4419554
ALL	ENSG00000087206.16	UIMC1	ENST00000510376.1	ENST00000510698.2	0	1	1	1	1	SRR4419567
ALL	ENSG00000131188.11	PRR7	ENST00000510492.1	ENST00000323249.7	1	1	0	1	1	SRR4419567
ALL	ENSG00000146067.15	FAM193B	ENST00000505241.1	ENST00000505569.5	0	0	0	1	0	SRR4419567
ALL	ENSG00000197451.11	HNRNPAB	ENST00000355836.9	ENST00000504898.5	1	1	1	1	0	SRR4419568
ALL	ENSG00000113262.14	GRM6	ENST00000519003.1	ENST00000231188.9	0	1	1	1	1	SRR4419571
ALL	ENSG00000169045.17	HNRNPH1	ENST00000513972.5	ENST00000519943.1	0	0	0	1	0	SRR4376041
ALL	ENSG00000161013.16	MGAT4B	ENST00000518168.5	ENST00000522451.5	0	0	0	1	0	SRR4419567
ALL	ENSG00000197226.12	TBC1D9B	ENST00000519757.5	ENST00000520912.1	0	0	0	1	0	SRR4419553
ALL	ENSG00000230269.6	LINC02525	ENST00000425384.6	ENST00000435043.2	0	0	0	1	0	SRR4419571
ALL	ENSG00000112739.16	PRPF4B	ENST00000337659.10	ENST00000461612.1	1	0	1	1	1	SRR4376041
ALL	ENSG00000145982.11	FARS2	ENST00000274680.8	ENST00000324331.10	1	1	0	1	1	SRR4419567
ALL	ENSG00000239264.8	TXNDC5	ENST00000379757.8	ENST00000473453.2	1	1	1	1	1	SRR4419569
ALL	ENSG00000153157.12	SYCP2L	ENST00000283141.10	ENST00000465872.1	1	0	1	1	1	SRR4419567
ALL	ENSG00000095951.16	HIVEP1	ENST00000484210.1	ENST00000379388.6	1	1	1	1	1	SRR4419567
ALL	ENSG00000241549.8	GUSBP2	ENST00000463434.5	ENST00000479900.5	0	0	0	1	0	SRR4419569
ALL	ENSG00000228022.5	HCG20	ENST00000422944.1	ENST00000439406.5	0	0	0	1	0	SRR4419553
ALL	ENSG00000204580.13	DDR1	ENST00000485023.1	ENST00000452441.5	0	1	1	1	1	SRR4419569
ALL	ENSG00000234006.1	DDX39B-AS1	ENST00000416684.1	ENST00000420520.1	0	0	0	1	0	SRR4419568
ALL	ENSG00000204482.10	LST1	ENST00000376099.5	ENST00000376096.5	1	1	1	0	0	SRR4419554
ALL	ENSG00000204472.12	AIF1	ENST00000376049.4	ENST00000376059.7	1	1	1	1	0	SRR4376041
ALL	ENSG00000204463.12	BAG6	ENST00000469182.1	ENST00000439687.6	0	1	1	1	1	SRR4419567
ALL	ENSG00000204387.12	C6orf48	ENST00000375641.6	ENST00000395789.5	1	1	0	1	0	SRR4419554
ALL	ENSG00000221988.12	PPT2	ENST00000495908.1	ENST00000478521.5	0	0	0	1	0	SRR4376041
ALL	ENSG00000112078.13	KCTD20	ENST00000449081.6	ENST00000536244.5	1	1	1	1	1	SRR4419567
ALL	ENSG00000137409.19	MTCH1	ENST00000373627.9	ENST00000471737.1	1	0	1	1	1	SRR4419553
ALL	ENSG00000137193.13	PIM1	ENST00000373509.5	ENST00000468243.5	1	0	1	1	1	SRR4419571
ALL	ENSG00000112655.15	PTK7	ENST00000230418.8	ENST00000461389.1	0	0	0	1	0	SRR4419567
ALL	ENSG00000112715.21	VEGFA	ENST00000230480.10	ENST00000512683.1	1	0	1	1	1	SRR4419554
ALL	ENSG00000151914.19	DST	ENST00000521821.1	ENST00000517840.1	0	0	0	1	0	SRR4419567
ALL	ENSG00000112200.16	ZNF451	ENST00000370706.8	ENST00000444273.6	1	0	1	1	1	SRR4419568
ALL	ENSG00000112697.15	TMEM30A	ENST00000230461.10	ENST00000370050.9	1	1	1	1	1	SRR4419569
ALL	ENSG00000112837.16	TBX18	ENST00000606521.1	ENST00000606784.5	0	1	1	1	1	SRR4376041
ALL	ENSG00000135318.11	NT5E	ENST00000369651.7	ENST00000257770.7	1	1	1	1	1	SRR4419553
ALL	ENSG00000203875.10	SNHG5	ENST00000623001.3	ENST00000623910.3	0	0	0	1	0	SRR4419554
ALL	ENSG00000111886.10	GABRR2	ENST00000602808.1	ENST00000602432.1	0	0	0	1	0	SRR4419568
ALL	ENSG00000112276.13	BVES	ENST00000446408.2	ENST00000314641.9	1	1	0	1	1	SRR4376041
ALL	ENSG00000135535.15	CD164	ENST00000275080.11	ENST00000512821.5	1	1	1	1	1	SRR4419567
ALL	ENSG00000152894.14	PTPRK	ENST00000368205.7	ENST00000368215.7	0	1	1	1	1	SRR4419568
ALL	ENSG00000112303.13	VNN2	ENST00000392389.6	ENST00000525270.5	0	1	1	1	1	SRR4376041
ALL	ENSG00000055208.18	TAB2	ENST00000461481.5	ENST00000470466.5	0	0	0	1	0	SRR4419567
ALL	ENSG00000112541.13	PDE10A	ENST00000616273.1	ENST00000539869.2	1	1	1	1	1	SRR4419568
ALL	ENSG00000026297.15	RNASET2	ENST00000509073.1	ENST00000358165.7	0	0	0	1	0	SRR4419567
ALL	ENSG00000112584.13	FAM120B	ENST00000537664.5	ENST00000630384.2	1	1	1	1	1	SRR4419569
ALL	ENSG00000164877.18	MICALL2	ENST00000493998.1	ENST00000460198.1	0	0	0	1	0	SRR4419554
ALL	ENSG00000272595.2	AC092028.1	ENST00000641781.1	ENST00000641483.1	0	0	0	1	0	SRR4419568
ALL	ENSG00000048052.21	HDAC9	ENST00000461409.1	ENST00000483142.5	0	0	0	1	0	SRR4376041
ALL	ENSG00000188732.10	FAM221A	ENST00000429719.5	ENST00000462546.5	0	0	0	1	0	SRR4419569
ALL	ENSG00000105991.7	HOXA1	ENST00000343060.4	ENST00000355633.5	1	1	1	1	1	SRR4419571
ALL	ENSG00000106069.21	CHN2	ENST00000491856.1	ENST00000222792.10	0	1	1	1	1	SRR4419568
ALL	ENSG00000196295.11	AC005154.1	ENST00000582838.1	ENST00000355837.4	0	0	0	1	0	SRR4419567
ALL	ENSG00000122557.9	HERPUD2	ENST00000396081.5	ENST00000311350.7	1	1	0	1	1	SRR4419568
ALL	ENSG00000155849.15	ELMO1	ENST00000448602.5	ENST00000442504.5	1	1	0	1	1	SRR4419567
ALL	ENSG00000105968.18	H2AFV	ENST00000381124.9	ENST00000446531.1	1	1	1	1	1	SRR4376041
ALL	ENSG00000136270.13	TBRG4	ENST00000494076.5	ENST00000395655.8	1	1	1	1	1	SRR4376041
ALL	ENSG00000263001.5	GTF2I	ENST00000462915.1	ENST00000482232.1	0	0	0	1	0	SRR4419553
ALL	ENSG00000274070.1	CASTOR2	ENST00000616305.1	ENST00000622472.1	1	0	1	1	1	SRR4419568
ALL	ENSG00000106178.6	CCL24	ENST00000222902.6	ENST00000416943.1	1	1	0	1	0	SRR4419571
ALL	ENSG00000153956.15	CACNA2D1	ENST00000423588.1	ENST00000356860.7	1	1	1	1	1	SRR4419554
ALL	ENSG00000135164.18	DMTF1	ENST00000583751.1	ENST00000582887.1	0	0	0	1	0	SRR4419567
ALL	ENSG00000008277.14	ADAM22	ENST00000398209.7	ENST00000398204.8	1	1	1	1	0	SRR4419554
ALL	ENSG00000106236.3	NPTX2	ENST00000466102.1	ENST00000265634.3	0	1	1	1	1	SRR4419567
ALL	ENSG00000130429.12	ARPC1B	ENST00000463078.1	ENST00000493403.1	0	0	0	1	0	SRR4419553
ALL	ENSG00000241468.7	ATP5J2	ENST00000394186.3	ENST00000485011.1	1	0	1	1	1	SRR4419553
ALL	ENSG00000197343.10	ZNF655	ENST00000394163.2	ENST00000423973.5	1	0	1	1	1	SRR4419568
ALL	ENSG00000106327.12	TFR2	ENST00000474947.1	ENST00000223051.7	0	1	1	1	1	SRR4419554
ALL	ENSG00000227053.1	AC105446.1	ENST00000448513.1	ENST00000441882.1	0	0	0	1	0	SRR4419567
ALL	ENSG00000168255.19	POLR2J3	ENST00000511313.5	ENST00000503564.5	1	0	1	1	1	SRR4419567
ALL	ENSG00000008282.8	SYPL1	ENST00000470347.1	ENST00000011473.6	1	1	1	1	1	SRR4419568
ALL	ENSG00000105851.10	PIK3CG	ENST00000440650.6	ENST00000496166.5	1	1	0	1	1	SRR4419567
ALL	ENSG00000004866.20	ST7	ENST00000489293.5	ENST00000265437.9	0	1	1	1	1	SRR4419571
ALL	ENSG00000226367.5	ST7-AS2	ENST00000456577.5	ENST00000434993.5	0	0	0	1	0	SRR4419554
ALL	ENSG00000128524.4	ATP6V1F	ENST00000249289.4	ENST00000492758.1	1	1	1	1	1	SRR4419553
ALL	ENSG00000197448.13	GSTK1	ENST00000443571.6	ENST00000489654.1	1	0	1	1	1	SRR4419553
ALL	ENSG00000159840.15	ZYX	ENST00000392910.6	ENST00000497119.1	1	0	1	1	1	SRR4419569
ALL	ENSG00000146904.8	EPHA1	ENST00000497891.1	ENST00000458129.1	0	0	0	1	0	SRR4419554
ALL	ENSG00000155660.10	PDIA4	ENST00000286091.8	ENST00000466592.1	1	0	1	1	1	SRR4419569
ALL	ENSG00000197558.11	SSPO	ENST00000465639.5	ENST00000472850.3	0	0	0	1	0	SRR4419571
ALL	ENSG00000133612.18	AGAP3	ENST00000478320.1	ENST00000467250.1	0	0	0	1	0	SRR4419571
ALL	ENSG00000233038.5	AC011899.2	ENST00000436151.5	ENST00000438047.1	0	0	0	1	0	SRR4376041
ALL	ENSG00000104714.13	ERICH1	ENST00000518277.1	ENST00000523053.1	0	0	0	1	0	SRR4419569
ALL	ENSG00000104723.20	TUSC3	ENST00000507316.1	ENST00000509177.1	0	0	0	1	0	SRR4419553
ALL	ENSG00000038945.14	MSR1	ENST00000445506.6	ENST00000517522.1	1	0	1	1	1	SRR4419553
ALL	ENSG00000129422.14	MTUS1	ENST00000262102.10	ENST00000521772.5	1	0	1	1	1	SRR4419569
ALL	ENSG00000078674.17	PCM1	ENST00000325083.12	ENST00000519802.5	1	0	1	1	1	SRR4419568
ALL	ENSG00000156011.16	PSD3	ENST00000520789.1	ENST00000518963.5	0	0	0	1	0	SRR4376041
ALL	ENSG00000147416.10	ATP6V1B2	ENST00000276390.6	ENST00000523482.5	1	0	1	1	1	SRR4419569
ALL	ENSG00000120896.13	SORBS3	ENST00000517535.5	ENST00000519127.1	0	0	0	1	0	SRR4419571
ALL	ENSG00000120913.23	PDLIM2	ENST00000409141.5	ENST00000614502.4	1	1	1	1	1	SRR4376041
ALL	ENSG00000104756.15	KCTD9	ENST00000523140.5	ENST00000518997.5	0	0	0	1	0	SRR4419553
ALL	ENSG00000168077.13	SCARA3	ENST00000337221.8	ENST00000301904.3	1	1	1	1	1	SRR4419569
ALL	ENSG00000197892.12	KIF13B	ENST00000524189.5	ENST00000522846.1	1	0	1	1	1	SRR4419567
ALL	ENSG00000147526.19	TACC1	ENST00000519416.5	ENST00000520611.1	1	1	1	1	1	SRR4419568
ALL	ENSG00000029534.19	ANK1	ENST00000524227.5	ENST00000347528.8	0	1	1	1	1	SRR4419568
ALL	ENSG00000078668.13	VDAC3	ENST00000518495.5	ENST00000519072.5	0	0	0	1	0	SRR4419553
ALL	ENSG00000164808.16	SPIDR	ENST00000518711.1	ENST00000521798.1	0	0	0	1	0	SRR4419571
ALL	ENSG00000185728.16	YTHDF3	ENST00000623280.3	ENST00000517371.5	1	1	1	1	1	SRR4419568
ALL	ENSG00000205268.10	PDE7A	ENST00000401827.7	ENST00000522220.1	1	0	1	1	1	SRR4419553
ALL	ENSG00000104218.14	CSPP1	ENST00000519668.1	ENST00000519163.6	1	0	1	1	1	SRR4419569
ALL	ENSG00000066777.8	ARFGEF1	ENST00000262215.7	ENST00000522878.5	1	0	1	1	1	SRR4376041
ALL	ENSG00000254031.5	AC022858.1	ENST00000521084.1	ENST00000521685.5	0	0	0	1	0	SRR4419567
ALL	ENSG00000235531.9	MSC-AS1	ENST00000457356.8	ENST00000512290.2	0	0	0	1	0	SRR4419571
ALL	ENSG00000279847.3	C8orf87	ENST00000521906.5	ENST00000522116.1	0	0	0	1	0	SRR4419554
ALL	ENSG00000164935.6	DCSTAMP	ENST00000517364.1	ENST00000518023.5	0	0	0	1	0	SRR4419571
ALL	ENSG00000154188.9	ANGPT1	ENST00000520734.5	ENST00000518386.5	1	0	1	1	1	SRR4419567
ALL	ENSG00000147655.10	RSPO2	ENST00000276659.9	ENST00000517939.5	1	1	1	1	1	SRR4419571
ALL	ENSG00000104408.9	EIF3E	ENST00000220849.9	ENST00000521614.5	1	0	1	1	1	SRR4419571
ALL	ENSG00000176853.15	FAM91A1	ENST00000521166.5	ENST00000520246.1	1	0	1	1	1	SRR4419553
ALL	ENSG00000253111.1	AC091114.1	ENST00000521991.1	ENST00000522815.1	0	0	0	1	0	SRR4419571
ALL	ENSG00000254275.6	LINC00824	ENST00000520824.1	ENST00000523173.5	0	0	0	1	0	SRR4419569
ALL	ENSG00000129292.20	PHF20L1	ENST00000315808.14	ENST00000337920.8	0	1	1	1	1	SRR4419569
ALL	ENSG00000104419.14	NDRG1	ENST00000522665.5	ENST00000518176.5	0	1	1	1	1	SRR4419567
ALL	ENSG00000254101.5	LINC02055	ENST00000520068.5	ENST00000524346.5	0	0	0	1	0	SRR4419554
ALL	ENSG00000105339.10	DENND3	ENST00000520482.1	ENST00000518198.1	0	0	0	1	0	SRR4419571
ALL	ENSG00000253210.1	AC040970.1	ENST00000517908.1	ENST00000520885.1	0	0	0	1	0	SRR4419571
ALL	ENSG00000180155.19	LYNX1	ENST00000522906.1	ENST00000614491.1	0	1	1	1	1	SRR4419568
ALL	ENSG00000158106.13	RHPN1	ENST00000289013.10	ENST00000522335.5	1	0	1	1	1	SRR4376041
ALL	ENSG00000197858.10	GPAA1	ENST00000534072.1	ENST00000530796.1	0	0	0	1	0	SRR4419569
ALL	ENSG00000147854.16	UHRF2	ENST00000481243.1	ENST00000492853.1	0	0	0	1	0	SRR4419568
ALL	ENSG00000147872.9	PLIN2	ENST00000380465.7	ENST00000494753.1	1	0	1	1	1	SRR4419568
ALL	ENSG00000086065.13	CHMP5	ENST00000223500.8	ENST00000487080.1	1	0	1	1	1	SRR4419568
ALL	ENSG00000165006.13	UBAP1	ENST00000359544.2	ENST00000297661.8	1	1	0	1	1	SRR4376041
ALL	ENSG00000137100.15	DCTN3	ENST00000341694.6	ENST00000378916.8	1	1	1	1	1	SRR4419553
ALL	ENSG00000187186.14	AL162231.1	ENST00000555007.1	ENST00000423809.5	0	1	1	1	1	SRR4419571
ALL	ENSG00000165283.15	STOML2	ENST00000356493.9	ENST00000452248.6	1	1	1	1	1	SRR4419553
ALL	ENSG00000137076.20	TLN1	ENST00000314888.9	ENST00000466916.1	1	0	1	1	1	SRR4419553
ALL	ENSG00000122705.16	CLTA	ENST00000540080.5	ENST00000470744.5	1	1	1	1	1	SRR4419553
ALL	ENSG00000223839.7	FAM95B1	ENST00000590863.5	ENST00000455995.5	0	0	0	1	0	SRR4419554
ALL	ENSG00000198887.8	SMC5	ENST00000361138.6	ENST00000471372.1	1	0	1	1	1	SRR4419567
ALL	ENSG00000165115.14	KIF27	ENST00000297814.6	ENST00000413982.5	1	1	1	1	0	SRR4419571
ALL	ENSG00000224945.1	AL353150.1	ENST00000456944.1	ENST00000429700.1	0	0	0	1	0	SRR4419571
ALL	ENSG00000165025.14	SYK	ENST00000375754.8	ENST00000375746.1	1	1	0	1	0	SRR4376041
ALL	ENSG00000081377.16	CDC14B	ENST00000375242.7	ENST00000481149.1	1	0	1	1	1	SRR4419571
ALL	ENSG00000160445.10	ZER1	ENST00000291900.6	ENST00000494461.1	1	0	1	1	1	SRR4419569
ALL	ENSG00000126878.12	AIF1L	ENST00000372300.5	ENST00000372298.1	1	1	1	1	1	SRR4419553
ALL	ENSG00000126882.12	FAM78A	ENST00000372271.3	ENST00000247295.4	1	0	1	1	1	SRR4419553
ALL	ENSG00000107263.18	RAPGEF1	ENST00000372189.7	ENST00000372190.7	1	1	1	1	1	SRR4419567
ALL	ENSG00000085265.10	FCN1	ENST00000371806.3	ENST00000616356.4	1	1	1	1	1	SRR4419571
ALL	ENSG00000187796.14	CARD9	ENST00000485975.1	ENST00000371732.9	0	1	1	1	1	SRR4376041
ALL	ENSG00000176978.13	DPP7	ENST00000371579.6	ENST00000460830.1	1	0	1	1	1	SRR4419553
ALL	ENSG00000159247.13	TUBBP5	ENST00000503395.5	ENST00000290377.9	0	0	0	1	0	SRR4419568
ALL	ENSG00000233013.10	FAM157B	ENST00000446912.3	ENST00000642084.1	0	0	0	1	0	SRR4419571
ALL	ENSG00000067057.16	PFKP	ENST00000381125.8	ENST00000381072.5	1	1	1	1	1	SRR4419571
ALL	ENSG00000134453.15	RBM17	ENST00000467080.1	ENST00000446108.5	0	1	1	1	1	SRR4419568
ALL	ENSG00000065809.13	FAM107B	ENST00000474143.5	ENST00000468747.5	0	1	1	1	1	SRR4419567
ALL	ENSG00000204832.9	ST8SIA6-AS1	ENST00000451225.2	ENST00000451190.2	0	0	0	1	0	SRR4419567
ALL	ENSG00000189180.15	ZNF33A	ENST00000478556.1	ENST00000458705.6	0	1	1	1	1	SRR4419571
ALL	ENSG00000165633.12	VSTM4	ENST00000298454.3	ENST00000332853.8	1	1	1	0	1	SRR4419567
ALL	ENSG00000108091.10	CCDC6	ENST00000263102.6	ENST00000518638.1	1	0	1	1	1	SRR4419569
ALL	ENSG00000107625.12	DDX50	ENST00000373585.7	ENST00000466265.1	1	0	1	1	1	SRR4419567
ALL	ENSG00000214655.10	ZSWIM8	ENST00000451629.2	ENST00000603840.5	0	0	0	1	0	SRR4419568
ALL	ENSG00000108175.16	ZMIZ1	ENST00000472035.5	ENST00000478357.1	0	0	0	1	0	SRR4419571
ALL	ENSG00000122375.11	OPN4	ENST00000372071.6	ENST00000241891.9	1	1	1	1	0	SRR4419554
ALL	ENSG00000138119.16	MYOF	ENST00000371489.5	ENST00000475358.1	1	0	1	1	1	SRR4419554
ALL	ENSG00000014919.12	COX15	ENST00000016171.5	ENST00000497381.1	1	0	1	1	1	SRR4419571
ALL	ENSG00000166135.13	HIF1AN	ENST00000299163.6	ENST00000478787.1	1	0	1	1	1	SRR4419569
ALL	ENSG00000107829.13	FBXW4	ENST00000331272.7	ENST00000470093.5	1	0	1	1	1	SRR4376041
ALL	ENSG00000171206.13	TRIM8	ENST00000302424.11	ENST00000487927.5	1	0	1	1	1	SRR4419569
ALL	ENSG00000076685.18	NT5C2	ENST00000467380.1	ENST00000343289.9	0	1	1	1	1	SRR4419567
ALL	ENSG00000065618.18	COL17A1	ENST00000480127.1	ENST00000353479.9	0	1	1	1	1	SRR4419554
ALL	ENSG00000148841.15	ITPRIP	ENST00000337478.2	ENST00000278071.6	1	1	0	1	1	SRR4376041
ALL	ENSG00000232934.7	AL157786.1	ENST00000424422.1	ENST00000594870.2	0	0	0	1	0	SRR4419569
ALL	ENSG00000203780.10	FANK1	ENST00000368695.5	ENST00000477963.1	1	0	1	1	1	SRR4419571
ALL	ENSG00000132334.16	PTPRE	ENST00000471218.5	ENST00000254667.7	1	1	1	1	1	SRR4419567
ALL	ENSG00000214279.13	SCART1	ENST00000462252.1	ENST00000488261.6	0	0	0	1	0	SRR4419571
ALL	ENSG00000177156.10	TALDO1	ENST00000528097.5	ENST00000530440.1	1	0	1	1	1	SRR4419553
ALL	ENSG00000177595.17	PIDD1	ENST00000411829.6	ENST00000527357.5	1	0	1	1	1	SRR4419567
ALL	ENSG00000130592.15	LSP1	ENST00000311604.7	ENST00000381775.5	1	1	1	1	0	SRR4419569
ALL	ENSG00000110651.11	CD81	ENST00000263645.9	ENST00000481386.1	1	0	1	1	1	SRR4419571
ALL	ENSG00000110628.13	SLC22A18	ENST00000467719.5	ENST00000498244.1	0	0	0	1	0	SRR4419554
ALL	ENSG00000121236.20	TRIM6	ENST00000380107.5	ENST00000469187.5	1	0	1	1	1	SRR4419554
ALL	ENSG00000166340.15	TPP1	ENST00000532191.1	ENST00000528807.1	0	0	0	1	0	SRR4419553
ALL	ENSG00000133812.15	SBF2	ENST00000533661.1	ENST00000533770.5	0	0	0	1	0	SRR4419569
ALL	ENSG00000133818.13	RRAS2	ENST00000534746.5	ENST00000532814.5	1	1	0	1	1	SRR4376041
ALL	ENSG00000070081.15	NUCB2	ENST00000323688.10	ENST00000533511.6	1	0	1	1	1	SRR4419567
ALL	ENSG00000129158.10	SERGEF	ENST00000532265.5	ENST00000524589.5	1	0	1	1	1	SRR4419571
ALL	ENSG00000109854.13	HTATIP2	ENST00000533914.1	ENST00000532505.1	0	1	1	1	1	SRR4376041
ALL	ENSG00000121690.10	DEPDC7	ENST00000532078.1	ENST00000427755.2	0	0	0	1	0	SRR4419567
ALL	ENSG00000149182.14	ARFGAP2	ENST00000530794.1	ENST00000524727.5	0	0	0	1	0	SRR4419568
ALL	ENSG00000110514.19	MADD	ENST00000395336.7	ENST00000489415.1	1	0	1	1	1	SRR4419569
ALL	ENSG00000066336.11	SPI1	ENST00000533968.1	ENST00000227163.8	1	1	1	1	1	SRR4419571
ALL	ENSG00000149187.18	CELF1	ENST00000395290.6	ENST00000524648.1	1	0	1	1	1	SRR4419567
ALL	ENSG00000149177.12	PTPRJ	ENST00000440289.6	ENST00000418331.6	1	1	1	1	1	SRR4376041
ALL	ENSG00000086205.16	FOLH1	ENST00000533034.1	ENST00000532018.1	1	0	1	1	1	SRR4419568
ALL	ENSG00000134802.17	SLC43A3	ENST00000352187.5	ENST00000533524.5	1	1	1	1	1	SRR4419567
ALL	ENSG00000198561.13	CTNND1	ENST00000524630.5	ENST00000358694.10	1	1	0	1	1	SRR4419568
ALL	ENSG00000166902.4	MRPL16	ENST00000300151.4	ENST00000531802.1	1	0	1	1	1	SRR4419553
ALL	ENSG00000156738.17	MS4A1	ENST00000345732.8	ENST00000530482.1	1	0	1	1	1	SRR4419569
ALL	ENSG00000134824.13	FADS2	ENST00000523235.5	ENST00000520145.1	0	0	0	1	0	SRR4376041
ALL	ENSG00000184743.12	ATL3	ENST00000398868.7	ENST00000538786.1	1	1	1	1	1	SRR4419569
ALL	ENSG00000133884.9	DPF2	ENST00000444314.6	ENST00000530973.1	0	0	0	1	0	SRR4419567
ALL	ENSG00000173327.7	MAP3K11	ENST00000309100.7	ENST00000533032.1	1	0	1	1	1	SRR4419569
ALL	ENSG00000255120.5	OVOL1-AS1	ENST00000532454.1	ENST00000527453.5	0	0	0	1	0	SRR4419571
ALL	ENSG00000172543.7	CTSW	ENST00000307886.7	ENST00000524681.1	1	0	1	1	1	SRR4376041
ALL	ENSG00000087365.15	SF3B2	ENST00000322535.10	ENST00000529994.1	1	0	1	1	1	SRR4419553
ALL	ENSG00000172725.13	CORO1B	ENST00000539970.1	ENST00000341356.9	0	1	1	1	1	SRR4376041
ALL	ENSG00000084207.15	GSTP1	ENST00000398606.7	ENST00000467591.1	1	0	1	1	1	SRR4419554
ALL	ENSG00000110717.12	NDUFS8	ENST00000526542.1	ENST00000528492.1	0	1	1	1	1	SRR4419553
ALL	ENSG00000172890.11	NADSYN1	ENST00000528509.5	ENST00000533612.1	0	0	0	1	0	SRR4419569
ALL	ENSG00000186635.14	ARAP1	ENST00000546293.1	ENST00000542264.1	0	0	0	1	0	SRR4419569
ALL	ENSG00000149273.14	RPS3	ENST00000530721.5	ENST00000524851.5	0	1	1	1	1	SRR4419567
ALL	ENSG00000078124.11	ACER3	ENST00000530921.1	ENST00000530334.5	0	0	0	1	0	SRR4419571
ALL	ENSG00000149260.15	CAPN5	ENST00000456580.6	ENST00000278559.7	1	1	1	1	1	SRR4419554
ALL	ENSG00000048649.13	RSF1	ENST00000534794.1	ENST00000531768.1	0	0	0	1	0	SRR4419571
ALL	ENSG00000033327.12	GAB2	ENST00000340149.6	ENST00000361507.4	1	1	1	1	0	SRR4419553
ALL	ENSG00000137693.13	YAP1	ENST00000282441.9	ENST00000531439.5	1	1	1	1	1	SRR4419554
ALL	ENSG00000196954.13	CASP4	ENST00000393150.7	ENST00000525116.5	1	0	1	1	1	SRR4419567
ALL	ENSG00000197580.11	BCO2	ENST00000460924.6	ENST00000532673.1	0	0	0	1	0	SRR4419568
ALL	ENSG00000095139.13	ARCN1	ENST00000264028.4	ENST00000359415.8	1	1	1	1	0	SRR4419571
ALL	ENSG00000166257.8	SCN3B	ENST00000527125.1	ENST00000530277.5	0	1	1	1	1	SRR4419571
ALL	ENSG00000165495.15	PKNOX2	ENST00000526955.1	ENST00000532623.5	0	0	0	1	0	SRR4419571
ALL	ENSG00000134910.12	STT3A	ENST00000525946.5	ENST00000526213.5	0	0	0	1	0	SRR4419569
ALL	ENSG00000182934.11	SRPRA	ENST00000332118.10	ENST00000532268.1	1	0	1	1	1	SRR4419569
ALL	ENSG00000151702.16	FLI1	ENST00000528790.1	ENST00000608303.5	0	0	0	1	0	SRR4419569
ALL	ENSG00000084234.16	APLP2	ENST00000525215.1	ENST00000533616.5	0	0	0	1	0	SRR4419569
ALL	ENSG00000120451.10	SNX19	ENST00000534726.5	ENST00000530356.5	1	1	1	1	1	SRR4419571
ALL	ENSG00000256540.1	AC007406.3	ENST00000537295.1	ENST00000537961.1	0	0	0	1	0	SRR4419554
ALL	ENSG00000111241.2	FGF6	ENST00000535390.1	ENST00000228837.2	0	1	1	1	1	SRR4419568
ALL	ENSG00000139190.16	VAMP1	ENST00000535180.5	ENST00000544432.5	1	0	1	1	1	SRR4419567
ALL	ENSG00000111669.14	TPI1	ENST00000474253.1	ENST00000396705.9	0	1	1	1	1	SRR4419554
ALL	ENSG00000111679.16	PTPN6	ENST00000542277.5	ENST00000542761.5	0	0	0	1	0	SRR4419569
ALL	ENSG00000177675.8	CD163L1	ENST00000542055.5	ENST00000543841.5	0	0	0	1	0	SRR4376041
ALL	ENSG00000197614.10	MFAP5	ENST00000543369.5	ENST00000433590.6	1	1	1	1	1	SRR4376041
ALL	ENSG00000188393.8	CLEC2A	ENST00000455827.1	ENST00000339766.8	1	1	1	1	1	SRR4419568
ALL	ENSG00000173391.8	OLR1	ENST00000545927.5	ENST00000309539.7	1	1	1	1	1	SRR4419571
ALL	ENSG00000213809.8	KLRK1	ENST00000544449.5	ENST00000240618.10	0	1	1	1	1	SRR4376041
ALL	ENSG00000111404.6	RERGL	ENST00000538724.5	ENST00000536890.1	1	1	1	1	1	SRR4376041
ALL	ENSG00000123104.11	ITPR2	ENST00000545235.1	ENST00000538984.1	0	0	0	1	0	SRR4419569
ALL	ENSG00000013573.16	DDX11	ENST00000542838.5	ENST00000543026.5	1	0	1	1	1	SRR4419571
ALL	ENSG00000139132.14	FGD4	ENST00000472289.5	ENST00000427716.6	1	1	1	1	1	SRR4419554
ALL	ENSG00000139173.9	TMEM117	ENST00000553253.5	ENST00000546387.1	0	0	0	1	0	SRR4419571
ALL	ENSG00000189079.15	ARID2	ENST00000422737.5	ENST00000426776.5	1	0	1	1	1	SRR4376041
ALL	ENSG00000172602.9	RND1	ENST00000309739.5	ENST00000553260.1	1	0	1	1	1	SRR4419553
ALL	ENSG00000139629.15	GALNT6	ENST00000603641.1	ENST00000356317.7	0	1	1	1	1	SRR4419567
ALL	ENSG00000135503.12	ACVR1B	ENST00000542485.1	ENST00000563121.1	1	0	1	1	1	SRR4419554
ALL	ENSG00000170421.12	KRT8	ENST00000549198.1	ENST00000552150.5	0	1	1	1	1	SRR4419567
ALL	ENSG00000111481.9	COPZ1	ENST00000549043.5	ENST00000550171.5	1	0	1	1	1	SRR4419553
ALL	ENSG00000062485.18	CS	ENST00000547449.1	ENST00000549143.5	0	0	0	1	0	SRR4419569
ALL	ENSG00000135439.11	AGAP2	ENST00000257897.7	ENST00000547588.5	1	1	1	1	1	SRR4419569
ALL	ENSG00000135446.16	CDK4	ENST00000552713.5	ENST00000551706.1	0	0	0	1	0	SRR4419569
ALL	ENSG00000175215.10	CTDSP2	ENST00000398073.6	ENST00000551594.1	1	0	1	1	1	SRR4419569
ALL	ENSG00000184575.11	XPOT	ENST00000332707.9	ENST00000541842.1	1	0	1	1	1	SRR4419553
ALL	ENSG00000155957.17	TMBIM4	ENST00000542072.1	ENST00000544599.5	0	1	1	1	1	SRR4419569
ALL	ENSG00000155974.11	GRIP1	ENST00000398016.7	ENST00000541299.1	1	0	1	1	1	SRR4419571
ALL	ENSG00000133858.15	ZFC3H1	ENST00000547398.1	ENST00000552037.1	0	1	1	1	1	SRR4419569
ALL	ENSG00000175183.9	CSRP2	ENST00000548783.1	ENST00000547557.1	0	0	0	1	0	SRR4419553
ALL	ENSG00000257242.7	LINC01619	ENST00000552106.5	ENST00000549802.5	0	0	0	1	0	SRR4419553
ALL	ENSG00000184752.12	NDUFA12	ENST00000547447.1	ENST00000547986.5	0	1	1	1	1	SRR4419553
ALL	ENSG00000111144.9	LTA4H	ENST00000537111.6	ENST00000547982.1	0	0	0	1	0	SRR4419569
ALL	ENSG00000111670.14	GNPTAB	ENST00000299314.11	ENST00000392919.4	1	1	1	1	1	SRR4419569
ALL	ENSG00000179088.14	C12orf42	ENST00000551134.5	ENST00000548883.5	0	1	1	1	1	SRR4419571
ALL	ENSG00000166598.14	HSP90B1	ENST00000548462.5	ENST00000551983.1	0	0	0	1	0	SRR4419569
ALL	ENSG00000089041.16	P2RX7	ENST00000537312.5	ENST00000539695.5	0	0	0	1	0	SRR4376041
ALL	ENSG00000110931.18	CAMKK2	ENST00000347034.6	ENST00000324774.9	1	1	1	1	0	SRR4419553
ALL	ENSG00000033030.13	ZCCHC8	ENST00000543897.5	ENST00000538116.5	1	0	1	1	1	SRR4419569
ALL	ENSG00000196498.13	NCOR2	ENST00000473999.2	ENST00000461081.2	0	0	0	1	0	SRR4419571
ALL	ENSG00000112787.12	FBRSL1	ENST00000543453.1	ENST00000542061.2	0	1	1	1	1	SRR4419571
ALL	ENSG00000177084.16	POLE	ENST00000539357.1	ENST00000536445.5	0	0	0	1	0	SRR4419571
ALL	ENSG00000090615.14	GOLGA3	ENST00000537317.1	ENST00000534967.1	0	0	0	1	0	SRR4419571
ALL	ENSG00000102755.11	FLT1	ENST00000543394.2	ENST00000539099.1	1	1	1	1	1	SRR4419553
ALL	ENSG00000230490.2	AL139383.1	ENST00000437698.1	ENST00000445227.1	0	0	0	1	0	SRR4419554
ALL	ENSG00000120690.15	ELF1	ENST00000239882.6	ENST00000625359.1	1	1	1	1	1	SRR4419567
ALL	ENSG00000102760.12	RGCC	ENST00000487837.1	ENST00000379359.3	0	1	1	1	1	SRR4419567
ALL	ENSG00000102804.14	TSC22D1	ENST00000496314.1	ENST00000460842.5	0	0	0	1	0	SRR4376041
ALL	ENSG00000188342.11	GTF2F2	ENST00000340473.7	ENST00000494087.5	1	0	1	1	1	SRR4419571
ALL	ENSG00000133112.16	TPT1	ENST00000533567.5	ENST00000309246.9	0	1	1	1	1	SRR4419567
ALL	ENSG00000139687.13	RB1	ENST00000267163.4	ENST00000525036.1	1	0	1	1	1	SRR4419569
ALL	ENSG00000123179.13	EBPL	ENST00000378284.6	ENST00000473576.6	1	0	1	1	1	SRR4419569
ALL	ENSG00000204977.9	TRIM13	ENST00000356017.8	ENST00000420995.6	1	1	1	1	1	SRR4376041
ALL	ENSG00000176124.11	DLEU1	ENST00000463474.6	ENST00000498557.5	0	0	0	1	0	SRR4419571
ALL	ENSG00000186047.9	DLEU7	ENST00000504404.1	ENST00000400393.3	1	1	1	1	1	SRR4419554
ALL	ENSG00000150510.16	FAM124A	ENST00000615498.4	ENST00000322475.12	1	1	1	1	1	SRR4419571
ALL	ENSG00000136114.15	THSD1	ENST00000258613.4	ENST00000349258.8	1	1	1	1	1	SRR4419567
ALL	ENSG00000092201.9	SUPT16H	ENST00000216297.6	ENST00000552829.2	1	0	1	1	1	SRR4419571
ALL	ENSG00000092068.19	SLC7A8	ENST00000469263.5	ENST00000422941.6	1	1	1	1	1	SRR4419568
ALL	ENSG00000100836.10	PABPN1	ENST00000557702.5	ENST00000397276.6	1	1	1	1	1	SRR4419553
ALL	ENSG00000129535.12	NRL	ENST00000397002.6	ENST00000396997.1	1	1	0	1	1	SRR4419569
ALL	ENSG00000100889.11	PCK2	ENST00000396973.8	ENST00000216780.8	1	1	1	1	1	SRR4376041
ALL	ENSG00000213928.8	IRF9	ENST00000396864.7	ENST00000559863.1	1	0	1	1	1	SRR4419569
ALL	ENSG00000100473.15	COCH	ENST00000475087.5	ENST00000460581.6	1	1	1	1	1	SRR4419568
ALL	ENSG00000258525.1	AL049830.3	ENST00000555108.1	ENST00000555421.1	0	0	0	1	0	SRR4419571
ALL	ENSG00000100902.10	PSMA6	ENST00000554961.5	ENST00000540871.5	0	1	1	1	1	SRR4419567
ALL	ENSG00000087303.17	NID2	ENST00000553297.1	ENST00000216286.9	0	1	1	1	1	SRR4419568
ALL	ENSG00000100519.11	PSMC6	ENST00000445930.6	ENST00000612399.4	1	1	0	1	1	SRR4419568
ALL	ENSG00000140009.18	ESR2	ENST00000267525.10	ENST00000554572.5	1	1	1	1	1	SRR4419554
ALL	ENSG00000100632.10	ERH	ENST00000216520.6	ENST00000557016.5	0	1	1	1	1	SRR4419568
ALL	ENSG00000100650.15	SRSF5	ENST00000554929.1	ENST00000556436.1	0	0	0	1	0	SRR4419567
ALL	ENSG00000182732.16	RGS6	ENST00000553530.5	ENST00000553690.5	1	0	1	1	1	SRR4419554
ALL	ENSG00000119630.13	PGF	ENST00000555567.5	ENST00000555253.1	1	0	1	1	1	SRR4419569
ALL	ENSG00000258820.5	AF111167.1	ENST00000555106.1	ENST00000555909.5	0	0	0	1	0	SRR4376041
ALL	ENSG00000089916.17	GPATCH2L	ENST00000557263.5	ENST00000261530.11	1	1	1	1	1	SRR4419568
ALL	ENSG00000119715.14	ESRRB	ENST00000505752.5	ENST00000507951.5	0	0	0	1	0	SRR4419571
ALL	ENSG00000042317.16	SPATA7	ENST00000557567.1	ENST00000553626.5	0	0	0	1	0	SRR4419568
ALL	ENSG00000198668.10	CALM1	ENST00000553422.1	ENST00000553995.5	0	0	0	1	0	SRR4419567
ALL	ENSG00000090060.17	PAPOLA	ENST00000557406.5	ENST00000555912.1	0	0	0	1	0	SRR4419569
ALL	ENSG00000183576.12	SETD3	ENST00000331768.9	ENST00000329331.7	1	1	1	1	1	SRR4419571
ALL	ENSG00000197119.12	SLC25A29	ENST00000556505.5	ENST00000555475.1	1	0	1	1	1	SRR4376041
ALL	ENSG00000183092.16	BEGAIN	ENST00000443071.6	ENST00000554274.1	1	0	1	1	1	SRR4419554
ALL	ENSG00000140153.17	WDR20	ENST00000558135.5	ENST00000454394.2	0	1	1	1	1	SRR4419571
ALL	ENSG00000126214.21	KLC1	ENST00000348520.10	ENST00000555467.1	1	0	1	1	1	SRR4419569
ALL	ENSG00000126215.13	XRCC3	ENST00000555832.1	ENST00000553264.5	0	1	1	1	1	SRR4419569
ALL	ENSG00000182809.10	CRIP2	ENST00000551836.5	ENST00000547643.5	0	0	0	1	0	SRR4419568
ALL	ENSG00000166923.10	GREM1	ENST00000622074.1	ENST00000560830.1	1	1	1	1	1	SRR4419571
ALL	ENSG00000103966.10	EHD4	ENST00000569223.1	ENST00000220325.8	0	1	1	1	1	SRR4376041
ALL	ENSG00000180979.9	LRRC57	ENST00000323443.6	ENST00000397130.7	1	1	0	1	1	SRR4419567
ALL	ENSG00000166947.11	EPB42	ENST00000300215.7	ENST00000567019.1	1	0	1	1	1	SRR4419568
ALL	ENSG00000167004.12	PDIA3	ENST00000497349.1	ENST00000300289.9	0	1	1	1	1	SRR4419569
ALL	ENSG00000104043.14	ATP8B4	ENST00000557955.5	ENST00000560354.1	0	0	0	1	0	SRR4419567
ALL	ENSG00000137869.14	CYP19A1	ENST00000559878.5	ENST00000558066.1	1	0	1	1	1	SRR4419554
ALL	ENSG00000069869.15	NEDD4	ENST00000508075.1	ENST00000557845.1	0	0	0	1	0	SRR4419567
ALL	ENSG00000166035.10	LIPC	ENST00000414170.7	ENST00000356113.10	1	1	1	1	1	SRR4419571
ALL	ENSG00000157483.8	MYO1E	ENST00000288235.8	ENST00000558646.1	1	0	1	1	1	SRR4419571
ALL	ENSG00000140299.11	BNIP2	ENST00000607373.5	ENST00000478981.1	1	0	1	1	1	SRR4419568
ALL	ENSG00000182718.16	ANXA2	ENST00000559559.5	ENST00000559647.1	0	0	0	1	0	SRR4419569
ALL	ENSG00000129007.14	CALML4	ENST00000448060.6	ENST00000395463.2	1	0	1	1	1	SRR4419568
ALL	ENSG00000128973.12	CLN6	ENST00000564752.1	ENST00000637450.1	1	0	1	1	1	SRR4419567
ALL	ENSG00000140350.15	ANP32A	ENST00000561430.5	ENST00000495420.5	0	0	0	1	0	SRR4419568
ALL	ENSG00000137807.13	KIF23	ENST00000560042.1	ENST00000558303.5	0	0	0	1	0	SRR4419571
ALL	ENSG00000140332.15	TLE3	ENST00000558379.5	ENST00000559826.1	1	0	1	1	1	SRR4419571
ALL	ENSG00000140488.15	CELF6	ENST00000567083.2	ENST00000287202.9	1	1	1	1	1	SRR4419553
ALL	ENSG00000198794.11	SCAMP5	ENST00000361900.10	ENST00000425597.7	1	1	0	1	1	SRR4376041
ALL	ENSG00000103811.15	CTSH	ENST00000533777.5	ENST00000615999.4	0	1	1	1	1	SRR4376041
ALL	ENSG00000186628.12	FSD2	ENST00000541889.1	ENST00000334574.12	1	1	1	1	1	SRR4419571
ALL	ENSG00000136404.15	TM6SF1	ENST00000379390.10	ENST00000565774.5	1	1	1	1	1	SRR4419571
ALL	ENSG00000140545.14	MFGE8	ENST00000558018.5	ENST00000560937.1	0	0	0	1	0	SRR4419569
ALL	ENSG00000185033.14	SEMA4B	ENST00000560003.1	ENST00000411539.6	0	1	1	1	1	SRR4419571
ALL	ENSG00000140553.17	UNC45A	ENST00000495068.5	ENST00000487875.5	0	0	0	1	0	SRR4419567
ALL	ENSG00000103202.12	NME4	ENST00000621774.4	ENST00000620944.4	1	1	1	1	0	SRR4419553
ALL	ENSG00000161996.18	WDR90	ENST00000548603.1	ENST00000552943.5	0	0	0	1	0	SRR4419569
ALL	ENSG00000103197.16	TSC2	ENST00000488675.5	ENST00000439117.6	0	0	0	1	0	SRR4419567
ALL	ENSG00000140987.19	ZSCAN32	ENST00000573830.1	ENST00000576500.5	1	0	1	1	1	SRR4419567
ALL	ENSG00000122390.17	NAA60	ENST00000360862.9	ENST00000572584.1	1	1	1	1	1	SRR4419567
ALL	ENSG00000262246.5	CORO7	ENST00000573245.1	ENST00000251166.8	0	1	1	1	1	SRR4419567
ALL	ENSG00000067836.12	ROGDI	ENST00000592112.1	ENST00000587843.5	0	0	0	1	0	SRR4376041
ALL	ENSG00000166669.13	ATF7IP2	ENST00000356427.2	ENST00000543967.5	1	1	1	1	1	SRR4419554
ALL	ENSG00000179583.18	CIITA	ENST00000324288.12	ENST00000618327.4	1	1	1	0	1	SRR4419569
ALL	ENSG00000167191.11	GPRC5B	ENST00000300571.6	ENST00000535671.5	1	1	1	1	1	SRR4419569
ALL	ENSG00000166501.12	PRKCB	ENST00000482000.1	ENST00000487674.1	0	0	0	1	0	SRR4419553
ALL	ENSG00000205629.11	LCMT1	ENST00000380966.8	ENST00000572869.1	1	0	1	1	1	SRR4419553
ALL	ENSG00000149925.17	ALDOA	ENST00000412304.6	ENST00000566146.1	1	0	1	1	1	SRR4419553
ALL	ENSG00000196118.11	CCDC189	ENST00000433909.2	ENST00000537986.1	0	0	0	1	0	SRR4419569
ALL	ENSG00000183632.14	TP53TG3	ENST00000398682.4	ENST00000562021.1	1	0	1	1	1	SRR4376041
ALL	ENSG00000166123.13	GPT2	ENST00000569193.1	ENST00000562801.5	0	0	0	1	0	SRR4419571
ALL	ENSG00000196470.11	SIAH1	ENST00000565620.5	ENST00000356721.3	0	1	1	1	1	SRR4419568
ALL	ENSG00000166548.15	TK2	ENST00000620035.4	ENST00000565729.1	1	0	1	1	1	SRR4419554
ALL	ENSG00000140931.19	CMTM3	ENST00000562707.5	ENST00000361909.8	1	1	0	1	1	SRR4419568
ALL	ENSG00000205250.8	E2F4	ENST00000379378.7	ENST00000568693.1	1	0	1	1	1	SRR4419569
ALL	ENSG00000102977.13	ACD	ENST00000393919.8	ENST00000602622.5	1	0	1	1	1	SRR4419569
ALL	ENSG00000168411.13	RFWD3	ENST00000571750.5	ENST00000575154.1	1	0	1	1	1	SRR4419567
ALL	ENSG00000034713.7	GABARAPL2	ENST00000563744.1	ENST00000568455.1	1	1	1	1	1	SRR4419567
ALL	ENSG00000140876.11	NUDT7	ENST00000268533.9	ENST00000564085.5	1	1	1	0	1	SRR4419571
ALL	ENSG00000260896.5	LINC02170	ENST00000563626.1	ENST00000569356.1	0	0	0	1	0	SRR4419571
ALL	ENSG00000166451.13	CENPN	ENST00000439957.7	ENST00000305850.9	1	1	1	1	1	SRR4376041
ALL	ENSG00000260932.1	AC009119.3	ENST00000566773.1	ENST00000562835.1	0	0	0	1	0	SRR4419569
ALL	ENSG00000140943.16	MBTPS1	ENST00000343411.7	ENST00000564643.1	1	0	1	1	1	SRR4419567
ALL	ENSG00000103187.7	COTL1	ENST00000262428.4	ENST00000567278.1	1	0	1	1	1	SRR4419553
ALL	ENSG00000154102.10	C16orf74	ENST00000602719.5	ENST00000602675.5	1	1	1	1	1	SRR4376041
ALL	ENSG00000051523.10	CYBA	ENST00000563526.5	ENST00000561972.1	0	0	0	1	0	SRR4419553
ALL	ENSG00000103335.21	PIEZO1	ENST00000301015.13	ENST00000490756.1	1	0	1	1	1	SRR4419553
ALL	ENSG00000140995.16	DEF8	ENST00000563594.5	ENST00000564379.1	1	0	1	1	1	SRR4419554
ALL	ENSG00000108953.16	YWHAE	ENST00000571732.5	ENST00000489287.1	1	0	1	1	1	SRR4419567
ALL	ENSG00000197879.14	MYO1C	ENST00000359786.9	ENST00000573198.5	1	0	1	1	1	SRR4419571
ALL	ENSG00000167711.13	SERPINF2	ENST00000450523.6	ENST00000382061.4	1	1	1	1	1	SRR4419571
ALL	ENSG00000074370.17	ATP2A3	ENST00000574999.1	ENST00000576957.1	0	0	0	1	0	SRR4419568
ALL	ENSG00000185722.16	ANKFY1	ENST00000573722.1	ENST00000572412.5	0	0	0	1	0	SRR4419569
ALL	ENSG00000161905.12	ALOX15	ENST00000574640.1	ENST00000293761.7	1	1	1	1	1	SRR4419567
ALL	ENSG00000129219.13	PLD2	ENST00000576329.1	ENST00000575945.1	0	0	0	1	0	SRR4376041
ALL	ENSG00000029725.16	RABEP1	ENST00000537505.5	ENST00000575475.2	1	0	1	1	1	SRR4419554
ALL	ENSG00000132530.16	XAF1	ENST00000574962.5	ENST00000572107.1	0	0	0	1	0	SRR4419569
ALL	ENSG00000132535.18	DLG4	ENST00000485100.5	ENST00000489885.1	1	0	1	1	1	SRR4376041
ALL	ENSG00000072778.19	ACADVL	ENST00000578319.5	ENST00000577191.5	0	0	0	1	0	SRR4419568
ALL	ENSG00000175826.11	CTDNEP1	ENST00000574322.5	ENST00000572043.5	1	1	1	1	1	SRR4419571
ALL	ENSG00000161970.12	RPL26	ENST00000585176.1	ENST00000578115.1	0	0	0	1	0	SRR4419554
ALL	ENSG00000007237.18	GAS7	ENST00000542249.5	ENST00000579140.5	1	0	1	1	1	SRR4419567
ALL	ENSG00000141027.20	NCOR1	ENST00000584872.1	ENST00000580617.5	0	0	0	1	0	SRR4419568
ALL	ENSG00000141030.12	COPS3	ENST00000578317.5	ENST00000539941.6	0	1	1	1	1	SRR4419568
ALL	ENSG00000072310.16	SREBF1	ENST00000476994.1	ENST00000487401.1	0	0	0	1	0	SRR4419568
ALL	ENSG00000197665.7	AC007952.1	ENST00000399087.2	ENST00000399083.1	0	0	0	1	0	SRR4419569
ALL	ENSG00000281856.1	AC106017.2	ENST00000628484.1	ENST00000631194.1	0	0	0	1	0	SRR4419569
ALL	ENSG00000072210.18	ALDH3A2	ENST00000472059.5	ENST00000579403.1	0	0	0	1	0	SRR4419554
ALL	ENSG00000184185.9	KCNJ12	ENST00000331718.5	ENST00000583088.5	1	1	0	1	1	SRR4376041
ALL	ENSG00000258472.8	AC005726.2	ENST00000584196.1	ENST00000481916.6	0	0	0	1	0	SRR4376041
ALL	ENSG00000007202.14	KIAA0100	ENST00000581064.1	ENST00000582901.1	0	0	0	1	0	SRR4419553
ALL	ENSG00000196535.15	MYO18A	ENST00000531892.5	ENST00000527372.6	0	1	1	1	1	SRR4376041
ALL	ENSG00000010244.18	ZNF207	ENST00000394673.6	ENST00000579416.1	1	0	1	1	1	SRR4419569
ALL	ENSG00000154760.13	SLFN13	ENST00000526483.1	ENST00000533791.5	0	1	1	1	1	SRR4419569
ALL	ENSG00000277791.4	PSMB3	ENST00000619426.4	ENST00000614132.4	1	0	1	1	1	SRR4419571
ALL	ENSG00000276293.4	PIP4K2B	ENST00000619039.4	ENST00000617781.1	1	0	1	1	1	SRR4419567
ALL	ENSG00000213424.8	KRT222	ENST00000394052.4	ENST00000580719.1	1	0	1	1	1	SRR4419568
ALL	ENSG00000167920.8	TMEM99	ENST00000301665.7	ENST00000496847.1	1	0	1	1	1	SRR4419571
ALL	ENSG00000171431.3	KRT20	ENST00000167588.3	ENST00000482529.1	1	0	1	1	1	SRR4376041
ALL	ENSG00000131473.16	ACLY	ENST00000537919.5	ENST00000590151.5	1	1	1	1	1	SRR4419553
ALL	ENSG00000108773.10	KAT2A	ENST00000225916.9	ENST00000592310.1	1	0	1	1	1	SRR4419567
ALL	ENSG00000068079.7	IFI35	ENST00000538473.1	ENST00000246911.6	0	0	0	1	0	SRR4419567
ALL	ENSG00000167131.16	CCDC103	ENST00000410006.6	ENST00000417826.2	1	1	0	1	1	SRR4376041
ALL	ENSG00000161714.11	PLCD3	ENST00000543623.5	ENST00000542173.1	0	0	0	1	0	SRR4419571
ALL	ENSG00000159199.13	ATP5G1	ENST00000503641.5	ENST00000506855.1	1	1	1	1	0	SRR4419567
ALL	ENSG00000108819.10	PPP1R9B	ENST00000612501.1	ENST00000513579.1	1	0	1	1	1	SRR4419569
ALL	ENSG00000108821.13	COL1A1	ENST00000504289.1	ENST00000225964.9	0	1	1	1	1	SRR4419568
ALL	ENSG00000167105.7	TMEM92	ENST00000511882.1	ENST00000300433.7	0	1	1	1	1	SRR4419571
ALL	ENSG00000250286.1	AC021491.2	ENST00000509260.1	ENST00000513017.1	0	0	0	1	0	SRR4419571
ALL	ENSG00000006283.17	CACNA1G	ENST00000514717.5	ENST00000503607.5	1	0	1	1	1	SRR4419567
ALL	ENSG00000141198.15	TOM1L1	ENST00000348161.8	ENST00000574653.1	1	0	1	1	1	SRR4419568
ALL	ENSG00000153944.10	MSI2	ENST00000322684.7	ENST00000577241.1	1	0	1	1	1	SRR4376041
ALL	ENSG00000180891.12	CUEDC1	ENST00000581391.5	ENST00000582951.5	0	0	0	1	0	SRR4376041
ALL	ENSG00000121075.9	TBX4	ENST00000589449.5	ENST00000240335.1	0	1	1	1	1	SRR4419571
ALL	ENSG00000007314.12	SCN4A	ENST00000581514.1	ENST00000435607.3	0	1	1	1	1	SRR4419568
ALL	ENSG00000224383.7	PRR29	ENST00000582540.5	ENST00000412177.5	1	1	1	1	1	SRR4419568
ALL	ENSG00000108622.10	ICAM2	ENST00000578892.5	ENST00000584403.5	1	0	1	1	1	SRR4419567
ALL	ENSG00000154229.11	PRKCA	ENST00000583361.1	ENST00000413366.7	0	1	1	1	1	SRR4376041
ALL	ENSG00000108946.14	PRKAR1A	ENST00000589228.5	ENST00000585907.1	1	0	1	1	1	SRR4419567
ALL	ENSG00000170412.16	GPRC5C	ENST00000482723.1	ENST00000392629.2	0	1	1	1	1	SRR4419569
ALL	ENSG00000132475.10	H3F3B	ENST00000254810.8	ENST00000589599.5	1	1	0	1	1	SRR4419569
ALL	ENSG00000092929.11	UNC13D	ENST00000588774.1	ENST00000590856.1	0	0	0	1	0	SRR4419553
ALL	ENSG00000267128.1	RNF157-AS1	ENST00000586627.1	ENST00000592748.1	0	0	0	1	0	SRR4419568
ALL	ENSG00000214140.10	PRCD	ENST00000591317.5	ENST00000590555.5	0	0	0	1	0	SRR4419569
ALL	ENSG00000161547.16	SRSF2	ENST00000392485.2	ENST00000585202.5	1	0	1	1	1	SRR4419567
ALL	ENSG00000184640.17	SEPT9	ENST00000586812.1	ENST00000423034.6	0	1	1	1	1	SRR4419567
ALL	ENSG00000108679.12	LGALS3BP	ENST00000585407.5	ENST00000588899.1	1	0	1	1	1	SRR4419571
ALL	ENSG00000181523.12	SGSH	ENST00000575188.5	ENST00000326317.10	0	1	1	1	1	SRR4376041
ALL	ENSG00000132205.10	EMILIN2	ENST00000254528.3	ENST00000583776.1	1	0	1	1	1	SRR4419554
ALL	ENSG00000168502.17	MTCL1	ENST00000517570.5	ENST00000517554.1	1	0	1	1	1	SRR4419569
ALL	ENSG00000101558.13	VAPA	ENST00000400000.6	ENST00000584796.5	1	0	1	1	1	SRR4419568
ALL	ENSG00000067900.7	ROCK1	ENST00000582445.1	ENST00000399799.2	0	1	1	1	1	SRR4419554
ALL	ENSG00000168234.12	TTC39C	ENST00000578150.1	ENST00000584424.1	0	0	0	1	0	SRR4419567
ALL	ENSG00000198795.10	ZNF521	ENST00000361524.7	ENST00000584787.5	1	1	1	1	1	SRR4419567
ALL	ENSG00000134760.5	DSG1	ENST00000257192.4	ENST00000462981.2	1	1	1	1	1	SRR4419553
ALL	ENSG00000141429.13	GALNT1	ENST00000269195.5	ENST00000591081.1	1	1	1	1	1	SRR4419569
ALL	ENSG00000101489.19	CELF4	ENST00000590112.5	ENST00000587449.1	0	0	0	1	0	SRR4419553
ALL	ENSG00000078142.12	PIK3C3	ENST00000587328.2	ENST00000262039.8	0	1	1	1	1	SRR4376041
ALL	ENSG00000176641.10	RNF152	ENST00000312828.3	ENST00000588396.1	1	0	1	1	1	SRR4419569
ALL	ENSG00000131196.17	NFATC1	ENST00000591814.5	ENST00000587635.5	1	1	1	1	1	SRR4419569
ALL	ENSG00000178342.4	KCNG2	ENST00000590307.1	ENST00000316249.3	0	1	1	1	1	SRR4376041
ALL	ENSG00000115286.19	NDUFS7	ENST00000538662.5	ENST00000538523.5	0	0	0	1	0	SRR4419554
ALL	ENSG00000119559.15	C19orf25	ENST00000592605.1	ENST00000588427.5	0	1	1	1	1	SRR4419554
ALL	ENSG00000130270.16	ATP8B3	ENST00000310127.10	ENST00000533993.5	1	0	1	1	1	SRR4419554
ALL	ENSG00000104899.7	AMH	ENST00000592877.1	ENST00000221496.4	0	1	1	1	1	SRR4419569
ALL	ENSG00000060558.3	GNA15	ENST00000262958.3	ENST00000592455.1	1	0	1	1	1	SRR4419568
ALL	ENSG00000095932.6	SMIM24	ENST00000591708.1	ENST00000215531.5	1	1	1	1	1	SRR4376041
ALL	ENSG00000161091.12	MFSD12	ENST00000389395.7	ENST00000588626.1	1	0	1	1	1	SRR4419569
ALL	ENSG00000125652.7	ALKBH7	ENST00000599849.1	ENST00000245812.7	1	1	1	1	1	SRR4419554
ALL	ENSG00000104918.7	RETN	ENST00000221515.5	ENST00000381324.2	1	1	1	1	1	SRR4419569
ALL	ENSG00000198028.3	ZNF560	ENST00000301480.4	ENST00000585974.1	1	0	1	1	1	SRR4419554
ALL	ENSG00000267106.5	ZNF561-AS1	ENST00000587536.5	ENST00000616951.1	0	0	0	1	0	SRR4419571
ALL	ENSG00000076662.9	ICAM3	ENST00000589900.5	ENST00000585439.1	0	0	0	1	0	SRR4419571
ALL	ENSG00000105520.10	PLPPR2	ENST00000588360.1	ENST00000251473.9	0	1	1	1	1	SRR4419571
ALL	ENSG00000173875.13	ZNF791	ENST00000498389.1	ENST00000343325.8	0	1	1	1	1	SRR4419567
ALL	ENSG00000104774.12	MAN2B1	ENST00000456935.6	ENST00000462144.1	1	0	1	1	1	SRR4419553
ALL	ENSG00000123144.10	TRIR	ENST00000242784.4	ENST00000589590.1	1	0	1	1	1	SRR4419567
ALL	ENSG00000167815.11	PRDX2	ENST00000478908.1	ENST00000477555.1	0	0	0	1	0	SRR4419567
ALL	ENSG00000127507.17	ADGRE2	ENST00000315576.7	ENST00000598500.1	1	0	1	1	1	SRR4419569
ALL	ENSG00000167461.11	RAB8A	ENST00000300935.7	ENST00000592971.1	1	0	1	1	1	SRR4419568
ALL	ENSG00000130309.10	COLGALT1	ENST00000252599.8	ENST00000593832.1	1	0	1	1	1	SRR4419553
ALL	ENSG00000130517.13	PGPEP1	ENST00000269919.10	ENST00000600283.6	1	0	1	1	1	SRR4419569
ALL	ENSG00000105696.8	TMEM59L	ENST00000594859.5	ENST00000262817.7	0	1	1	1	1	SRR4419554
ALL	ENSG00000105671.11	DDX49	ENST00000598972.5	ENST00000602113.5	0	0	0	1	0	SRR4419567
ALL	ENSG00000167491.17	GATAD2A	ENST00000473184.1	ENST00000609040.5	0	0	0	1	0	SRR4419567
ALL	ENSG00000105717.13	PBX4	ENST00000558222.1	ENST00000559735.1	0	0	0	1	0	SRR4419571
ALL	ENSG00000268240.1	AC123912.2	ENST00000599524.1	ENST00000594927.1	0	0	0	1	0	SRR4419571
ALL	ENSG00000261615.6	LINC01858	ENST00000593985.5	ENST00000564534.1	0	0	0	1	0	SRR4419553
ALL	ENSG00000168813.16	ZNF507	ENST00000311921.8	ENST00000355898.5	1	1	0	1	1	SRR4419554
ALL	ENSG00000153902.13	LGI4	ENST00000310123.7	ENST00000493050.5	1	0	1	1	1	SRR4419553
ALL	ENSG00000161249.20	DMKN	ENST00000472365.6	ENST00000408915.6	0	1	1	1	1	SRR4419554
ALL	ENSG00000167604.14	NFKBID	ENST00000588039.5	ENST00000606253.5	0	1	1	1	1	SRR4419567
ALL	ENSG00000105258.8	POLR2I	ENST00000589591.5	ENST00000592962.5	0	0	0	1	0	SRR4419554
ALL	ENSG00000267605.5	AC016590.1	ENST00000588763.5	ENST00000590889.5	0	0	0	1	0	SRR4419554
ALL	ENSG00000267470.5	ZNF571-AS1	ENST00000585578.5	ENST00000591177.1	0	0	0	1	0	SRR4419569
ALL	ENSG00000011332.19	DPF1	ENST00000475938.1	ENST00000473716.5	0	0	0	1	0	SRR4419571
ALL	ENSG00000167642.12	SPINT2	ENST00000454580.7	ENST00000589749.1	1	0	1	1	1	SRR4376041
ALL	ENSG00000105223.19	PLD3	ENST00000475983.1	ENST00000485448.1	0	0	0	1	0	SRR4419568
ALL	ENSG00000077312.8	SNRPA	ENST00000596860.1	ENST00000243563.7	0	1	1	1	1	SRR4376041
ALL	ENSG00000256612.7	CYP2B7P	ENST00000602646.1	ENST00000599198.5	0	0	0	1	0	SRR4419571
ALL	ENSG00000105329.9	TGFB1	ENST00000221930.5	ENST00000597453.1	1	0	1	1	1	SRR4419569
ALL	ENSG00000076928.17	ARHGEF1	ENST00000347545.8	ENST00000598444.1	1	0	1	1	1	SRR4419569
ALL	ENSG00000105737.9	GRIK5	ENST00000602210.1	ENST00000301218.8	0	1	1	1	1	SRR4419571
ALL	ENSG00000104856.13	RELB	ENST00000509480.5	ENST00000221452.12	0	1	1	1	1	SRR4419568
ALL	ENSG00000125753.13	VASP	ENST00000590459.1	ENST00000587444.1	0	0	0	1	0	SRR4419569
ALL	ENSG00000105281.12	SLC1A5	ENST00000542575.6	ENST00000412532.6	1	1	1	1	1	SRR4419567
ALL	ENSG00000105402.7	NAPA	ENST00000597274.5	ENST00000597271.5	0	0	0	1	0	SRR4419553
ALL	ENSG00000142227.10	EMP3	ENST00000270221.10	ENST00000597057.1	1	0	1	1	1	SRR4419569
ALL	ENSG00000104812.14	GYS1	ENST00000263276.6	ENST00000472004.5	1	0	1	1	1	SRR4419553
ALL	ENSG00000104870.12	FCGRT	ENST00000596147.1	ENST00000593431.1	0	0	0	1	0	SRR4419567
ALL	ENSG00000196961.12	AP2A1	ENST00000354293.9	ENST00000600466.1	1	0	1	1	1	SRR4419553
ALL	ENSG00000105472.12	CLEC11A	ENST00000250340.8	ENST00000617718.4	1	1	1	1	1	SRR4376041
ALL	ENSG00000254521.6	SIGLEC12	ENST00000596742.1	ENST00000291707.7	0	1	1	1	1	SRR4419554
ALL	ENSG00000256683.6	ZNF350	ENST00000599258.1	ENST00000243644.8	0	1	1	1	1	SRR4419567
ALL	ENSG00000198633.10	ZNF534	ENST00000432303.6	ENST00000433050.5	1	1	1	0	1	SRR4419554
ALL	ENSG00000167615.16	LENG8	ENST00000462541.1	ENST00000326764.9	0	1	1	1	1	SRR4419567
ALL	ENSG00000180061.9	TMEM150B	ENST00000592891.1	ENST00000592731.5	0	0	0	1	0	SRR4376041
ALL	ENSG00000105146.12	AURKC	ENST00000415300.6	ENST00000601799.5	1	0	1	1	1	SRR4419567
ALL	ENSG00000083812.11	ZNF324	ENST00000536459.6	ENST00000196482.3	1	1	0	1	1	SRR4419567
ALL	ENSG00000088832.16	FKBP1A	ENST00000439640.4	ENST00000612074.4	1	0	1	1	1	SRR4419553
ALL	ENSG00000088833.17	NSFL1C	ENST00000555944.5	ENST00000353088.6	0	1	1	1	1	SRR4419567
ALL	ENSG00000235958.5	UBOX5-AS1	ENST00000454019.1	ENST00000446537.5	0	0	0	1	0	SRR4376041
ALL	ENSG00000088826.17	SMOX	ENST00000484515.1	ENST00000305958.8	0	1	1	1	1	SRR4419567
ALL	ENSG00000171873.7	ADRA1D	ENST00000621688.1	ENST00000379453.5	0	1	1	1	1	SRR4376041
ALL	ENSG00000182621.17	PLCB1	ENST00000378641.7	ENST00000494924.2	1	0	1	1	1	SRR4419567
ALL	ENSG00000172296.12	SPTLC3	ENST00000476791.1	ENST00000399002.6	0	1	1	1	1	SRR4419569
ALL	ENSG00000101004.14	NINL	ENST00000422516.5	ENST00000278886.10	1	1	1	0	1	SRR4419571
ALL	ENSG00000125971.16	DYNLRB1	ENST00000357156.6	ENST00000480759.1	1	0	1	1	1	SRR4419553
ALL	ENSG00000100983.9	GSS	ENST00000216951.6	ENST00000451957.2	1	1	1	1	1	SRR4419553
ALL	ENSG00000088298.12	EDEM2	ENST00000374492.7	ENST00000374491.3	1	1	1	1	1	SRR4419553
ALL	ENSG00000126005.16	MMP24-AS1	ENST00000438751.5	ENST00000456790.1	0	1	1	1	1	SRR4419553
ALL	ENSG00000131051.22	RBM39	ENST00000412738.5	ENST00000481037.5	0	0	0	1	0	SRR4419568
ALL	ENSG00000171222.10	SCAND1	ENST00000305978.6	ENST00000373991.3	1	1	0	1	1	SRR4419553
ALL	ENSG00000101084.17	C20orf24	ENST00000492721.5	ENST00000342422.3	0	1	1	1	1	SRR4419553
ALL	ENSG00000118705.16	RPN2	ENST00000237530.10	ENST00000470352.1	1	0	1	1	1	SRR4419553
ALL	ENSG00000196756.11	SNHG17	ENST00000456953.5	ENST00000413755.5	0	0	0	1	0	SRR4419553
ALL	ENSG00000101452.14	DHX35	ENST00000493450.1	ENST00000252011.7	0	1	1	1	1	SRR4419567
ALL	ENSG00000132824.13	SERINC3	ENST00000342374.4	ENST00000468234.1	1	0	1	1	1	SRR4419554
ALL	ENSG00000196839.12	ADA	ENST00000372874.8	ENST00000464097.5	1	0	1	1	1	SRR4419553
ALL	ENSG00000124134.8	KCNS1	ENST00000537075.2	ENST00000306117.5	1	1	0	1	1	SRR4419567
ALL	ENSG00000244274.7	DBNDD2	ENST00000372720.7	ENST00000360981.8	1	1	1	1	0	SRR4376041
ALL	ENSG00000177410.12	ZFAS1	ENST00000623640.1	ENST00000620594.1	0	0	0	1	0	SRR4419567
ALL	ENSG00000022277.12	RTFDC1	ENST00000466260.1	ENST00000477573.1	0	0	0	1	0	SRR4419553
ALL	ENSG00000087460.24	GNAS	ENST00000493958.5	ENST00000371081.5	0	1	1	1	1	SRR4419567
ALL	ENSG00000101160.13	CTSZ	ENST00000217131.5	ENST00000503833.6	1	0	1	1	1	SRR4376041
ALL	ENSG00000130702.15	LAMA5	ENST00000491036.2	ENST00000492698.1	0	0	0	1	0	SRR4419571
ALL	ENSG00000272259.5	LINC01749	ENST00000607802.1	ENST00000606208.5	0	0	0	1	0	SRR4419568
ALL	ENSG00000101199.12	ARFGAP1	ENST00000370275.8	ENST00000518691.1	1	0	1	1	1	SRR4419553
ALL	ENSG00000197457.9	STMN3	ENST00000370053.2	ENST00000540534.5	1	1	1	1	1	SRR4376041
ALL	ENSG00000197114.11	ZGPAT	ENST00000472711.5	ENST00000448100.6	0	1	1	1	1	SRR4419553
ALL	ENSG00000274276.4	CBSL	ENST00000398168.5	ENST00000624691.3	1	0	1	1	1	SRR4419568
ALL	ENSG00000155307.17	SAMSN1	ENST00000619120.4	ENST00000400564.5	1	1	1	1	1	SRR4419569
ALL	ENSG00000215386.11	MIR99AHG	ENST00000619222.4	ENST00000602620.1	0	0	0	1	0	SRR4419567
ALL	ENSG00000232692.1	AP001596.1	ENST00000452460.1	ENST00000421771.1	0	0	0	1	0	SRR4419567
ALL	ENSG00000166265.11	CYYR1	ENST00000299340.8	ENST00000400043.3	1	1	1	1	1	SRR4419567
ALL	ENSG00000159200.17	RCAN1	ENST00000463276.1	ENST00000313806.8	0	1	1	1	1	SRR4419569
ALL	ENSG00000185917.13	SETD4	ENST00000481477.5	ENST00000399205.5	0	1	1	1	1	SRR4419571
ALL	ENSG00000223806.7	LINC00114	ENST00000448579.5	ENST00000411989.5	0	0	0	1	0	SRR4419569
ALL	ENSG00000225745.8	AL773572.1	ENST00000440221.2	ENST00000414699.1	0	0	0	1	0	SRR4419554
ALL	ENSG00000157601.13	MX1	ENST00000398600.6	ENST00000468506.5	1	0	1	1	1	SRR4419567
ALL	ENSG00000160199.14	PKNOX1	ENST00000480179.1	ENST00000474336.5	0	0	0	1	0	SRR4419567
ALL	ENSG00000160200.17	CBS	ENST00000352178.9	ENST00000461686.5	1	0	1	1	1	SRR4419569
ALL	ENSG00000160285.14	LSS	ENST00000522411.5	ENST00000397728.7	1	1	1	1	1	SRR4419569
ALL	ENSG00000160294.10	MCM3AP	ENST00000479557.1	ENST00000486937.5	0	0	0	1	0	SRR4419569
ALL	ENSG00000160310.17	PRMT2	ENST00000440086.5	ENST00000291705.11	1	1	1	1	1	SRR4419569
ALL	ENSG00000237438.7	CECR7	ENST00000441006.5	ENST00000609932.5	0	0	0	1	0	SRR4376041
ALL	ENSG00000093072.15	ADA2	ENST00000262607.3	ENST00000330232.8	1	1	1	1	0	SRR4419567
ALL	ENSG00000182902.13	SLC25A18	ENST00000497401.1	ENST00000467228.1	0	0	0	1	0	SRR4419567
ALL	ENSG00000040608.13	RTN4R	ENST00000043402.7	ENST00000469601.1	1	0	1	1	1	SRR4419571
ALL	ENSG00000241973.10	PI4KA	ENST00000255882.10	ENST00000489966.1	1	0	1	1	1	SRR4419553
ALL	ENSG00000183506.17	PI4KAP2	ENST00000477296.5	ENST00000467443.5	0	0	0	1	0	SRR4376041
ALL	ENSG00000128228.4	SDF2L1	ENST00000248958.4	ENST00000466935.1	1	0	1	1	1	SRR4419553
ALL	ENSG00000186716.20	BCR	ENST00000463770.5	ENST00000359540.7	0	1	1	1	1	SRR4419567
ALL	ENSG00000189269.12	DRICH1	ENST00000317749.9	ENST00000614553.1	1	1	1	1	1	SRR4419571
ALL	ENSG00000184571.13	PIWIL3	ENST00000532537.2	ENST00000332271.9	0	1	1	1	1	SRR4419567
ALL	ENSG00000100003.17	SEC14L2	ENST00000405717.7	ENST00000485482.5	1	0	1	1	1	SRR4419569
ALL	ENSG00000184792.15	OSBP2	ENST00000464341.1	ENST00000438716.3	0	1	1	1	1	SRR4419567
ALL	ENSG00000224973.5	LARGE-AS1	ENST00000438159.5	ENST00000416275.1	0	0	0	1	0	SRR4419568
ALL	ENSG00000100284.20	TOM1	ENST00000487670.1	ENST00000492723.1	0	0	0	1	0	SRR4419554
ALL	ENSG00000100060.17	MFNG	ENST00000356998.7	ENST00000466943.1	1	0	1	1	1	SRR4419569
ALL	ENSG00000244627.5	Z98749.2	ENST00000443658.5	ENST00000455209.5	0	0	0	1	0	SRR4419568
ALL	ENSG00000179750.15	APOBEC3B	ENST00000402182.7	ENST00000333467.3	1	1	1	1	1	SRR4376041
ALL	ENSG00000196588.14	MKL1	ENST00000477468.1	ENST00000463769.6	0	0	0	1	0	SRR4419553
ALL	ENSG00000100138.13	SNU13	ENST00000355257.7	ENST00000402458.1	1	1	1	1	1	SRR4419571
ALL	ENSG00000242247.10	ARFGAP3	ENST00000263245.9	ENST00000493606.1	1	0	1	1	1	SRR4419567
ALL	ENSG00000100347.14	SAMM50	ENST00000474323.5	ENST00000493161.1	0	0	0	1	0	SRR4419569
ALL	ENSG00000100422.13	CERK	ENST00000216264.12	ENST00000460254.1	1	0	1	1	1	SRR4419569
ALL	ENSG00000056998.19	GYG2	ENST00000398806.7	ENST00000453106.1	1	0	1	1	1	SRR4419571
ALL	ENSG00000146950.12	SHROOM2	ENST00000418909.6	ENST00000380913.7	1	1	1	1	1	SRR4419567
ALL	ENSG00000047648.21	ARHGAP6	ENST00000489330.6	ENST00000491514.1	0	0	0	1	0	SRR4419567
ALL	ENSG00000180815.14	MAP3K15	ENST00000470101.1	ENST00000518578.5	0	0	0	1	0	SRR4419571
ALL	ENSG00000177189.12	RPS6KA3	ENST00000379565.7	ENST00000474266.1	1	0	1	1	1	SRR4419569
ALL	ENSG00000242021.2	AC112493.1	ENST00000609836.1	ENST00000436019.2	0	0	0	1	0	SRR4419554
ALL	ENSG00000215301.9	DDX3X	ENST00000480592.5	ENST00000542215.5	0	0	0	1	0	SRR4419567
ALL	ENSG00000183690.12	EFHC2	ENST00000343571.3	ENST00000420999.1	0	1	1	1	1	SRR4419567
ALL	ENSG00000101997.12	CCDC22	ENST00000376227.3	ENST00000490300.1	1	0	1	1	1	SRR4419553
ALL	ENSG00000171365.15	CLCN5	ENST00000307367.2	ENST00000376091.7	1	1	1	1	1	SRR4419554
ALL	ENSG00000165349.11	SLC7A3	ENST00000298085.4	ENST00000374299.7	1	1	0	1	1	SRR4419569
ALL	ENSG00000230590.9	FTX	ENST00000602420.5	ENST00000602812.5	0	0	0	1	0	SRR4419569
ALL	ENSG00000101856.9	PGRMC1	ENST00000217971.7	ENST00000535419.2	1	1	1	1	1	SRR4419553
ALL	ENSG00000125354.22	SEPT6	ENST00000343984.5	ENST00000467310.1	1	0	1	1	1	SRR4376041
ALL	ENSG00000278085.4	CT45A8	ENST00000611660.4	ENST00000611438.1	1	1	0	1	1	SRR4376041
ALL	ENSG00000089820.15	ARHGAP4	ENST00000420383.5	ENST00000460782.1	0	0	0	1	0	SRR4419568
ALL	ENSG00000196924.14	FLNA	ENST00000498411.1	ENST00000474072.1	0	0	0	1	0	SRR4419569
ALL	ENSG00000092377.13	TBL1Y	ENST00000355162.6	ENST00000383032.5	1	1	0	1	0	SRR4419571
ALL	ENSG00000012817.15	KDM5D	ENST00000478891.1	ENST00000382806.6	0	1	1	1	1	SRR4419567
